_ - name,_ - _line,_ - retrieved_at,_ - company_number,cp_number_wikidata,_ - current_status,_ - jurisdiction_code,_ - registered_address,street,postal_code,length_str,_ - registered_address 2 2,_ - officers - _ - name,_ - officers - _ - type,_ - officers - _ - position,_ - officers - _ - start_date,_ - officers - _ - end_date,_ - officers - _ - other_attributes - lastname,_ - officers - _ - other_attributes - firstname,_ - officers - _ - other_attributes - city,_ - officers - _ - other_attributes - flag,_ - officers - _ - other_attributes - dismissed,_ - officers - _ - other_attributes - reference_no,_ - officers - _ - other_attributes - title,_ - officers - _ - other_attributes - maidenname,_ - all_attributes - registrar,_ - all_attributes - _registerArt,_ - all_attributes - federal_state,_ - all_attributes - _registerNummer,_ - all_attributes - native_company_number,_ - all_attributes - registered_office,_ - all_attributes - former_registrar,_ - all_attributes - _registerNummerSuffix,_ - all_attributes - additional_data - AD,_ - all_attributes - additional_data - CD,_ - all_attributes - additional_data - DK,_ - all_attributes - additional_data - HD,_ - all_attributes - additional_data - SI,_ - all_attributes - additional_data - UT,_ - all_attributes - additional_data - VÖ,_ - all_attributes - additional_data - ,_ - all_attributes - additional_data - Status information,_ - all_attributes - additional_data - Note:,_ - previous_names - _ - company_name,_ - subsequent_registrations - _ - data_type,_ - subsequent_registrations - _ - confidence,_ - subsequent_registrations - _ - source_url,_ - subsequent_registrations - _ - start_date,_ - subsequent_registrations - _ - retrieved_at,_ - subsequent_registrations - _ - start_date_type,_ - subsequent_registrations - _ - publication_date,_ - subsequent_registrations - _ - subsequent_registration_start_date,_ - subsequent_registrations - _ - previous_entity - entity_type,_ - subsequent_registrations - _ - previous_entity - entity_properties - company_number,_ - subsequent_registrations - _ - previous_entity - entity_properties - jurisdiction_code,_ - subsequent_registrations - _ - subsequent_entity - entity_type,_ - subsequent_registrations - _ - subsequent_entity - entity_properties - company_number,_ - subsequent_registrations - _ - subsequent_entity - entity_properties - jurisdiction_code,_ - alternate_registrations - _ - data_type,_ - alternate_registrations - _ - confidence,_ - alternate_registrations - _ - source_url,_ - alternate_registrations - _ - start_date,_ - alternate_registrations - _ - sample_date,_ - alternate_registrations - _ - retrieved_at,_ - alternate_registrations - _ - start_date_type,_ - alternate_registrations - _ - alternate_entities - _ - entity_type,_ - alternate_registrations - _ - alternate_entities - _ - entity_properties - company_number,_ - alternate_registrations - _ - alternate_entities - _ - entity_properties - jurisdiction_code
FormerPages GmbH,647,2018-11-09T19:00:33Z,F1103R_HRB127051,de/F1103R_HRB127051,currently registered,de,"c/o Portus Corporate Finance GmbH, Friedrichstraße 81, 10117 Berlin",c/o Portus Corporate Finance GmbH,Friedrichstraße,15,"81, 10117 Berlin",Daniel Offermann,person,Geschäftsführer,2010-06-01,2011-11-24,Offermann,Daniel,Berlin,,true,1,,,Berlin (Charlottenburg),HRB,Berlin,127051,Berlin (Charlottenburg) HRB 127051,Berlin,,,true,true,true,false,true,true,false,,,,DS Digitale Seiten GmbH,,,,,,,,,,,,,,,,,,,,,,,,
,,,,,,,,,,0,,Florian Kranefuß,person,Geschäftsführer,2010-10-25,2012-11-15,Kranefuß,Florian,Hamburg,,true,3,,,,,,,,,,,,,,,,,,,,,Submarine Internet GmbH,,,,,,,,,,,,,,,,,,,,,,,,
,,,,,,,,,,0,,Waldemar Zeiler,person,Geschäftsführer,2010-08-11,2014-01-14,Zeiler,Waldemar,Berlin,,true,2,,,,,,,,,,,,,,,,,,,,,,,,,,,,,,,,,,,,,,,,,,,,,
,,,,,,,,,,0,,Stefanie Schultz,person,Geschäftsführer,2014-01-14,2016-12-09,Schultz,Stefanie,Berlin,,true,4,,,,,,,,,,,,,,,,,,,,,,,,,,,,,,,,,,,,,,,,,,,,,
,,,,,,,,,,0,,Lars Renner,person,Geschäftsführer,2016-04-11,2017-05-18,Renner,Lars,Berlin,,true,5,,,,,,,,,,,,,,,,,,,,,,,,,,,,,,,,,,,,,,,,,,,,,
,,,,,,,,,,0,,Thomas Fink,person,Geschäftsführer,2017-05-18,,Fink,Thomas,Berlin,,,6,,,,,,,,,,,,,,,,,,,,,,,,,,,,,,,,,,,,,,,,,,,,,
,,,,,,,,,,0,,Thomas Fink,person,Liquidator,2017-08-07,,Fink,Thomas,Berlin,,,,,,,,,,,,,,,,,,,,,,,,,,,,,,,,,,,,,,,,,,,,,,,,
CWB Coral World Berlin GmbH,809,2018-11-03T07:22:24Z,F1103R_HRB175100,de/F1103R_HRB175100,currently registered,de,"c/o Aurec Real Estate Europe GmbH, Bleibtreustraße 41, 10623 Berlin",c/o Aurec Real Estate Europe GmbH,Bleibtreustraße,15,"41, 10623 Berlin",Julia Vieth,person,Geschäftsführer,2016-03-10,2016-05-09,Vieth,Julia,Berlin,,true,1,,,Berlin (Charlottenburg),HRB,Berlin,175100,Berlin (Charlottenburg) HRB 175100,Berlin,,,true,true,true,false,true,true,true,,,,Brillant 2346. GmbH,,,,,,,,,,,,,,,,,,,,,,,,
,,,,,,,,,,0,,Ben Zion Dolev,person,Geschäftsführer,2016-05-09,2018-10-04,Dolev,Ben Zion,Tel-Aviv/Israel,,true,2,,,,,,,,,,,,,,,,,,,,,,,,,,,,,,,,,,,,,,,,,,,,,
,,,,,,,,,,0,,Ben-Nun Erez,person,Geschäftsführer,2016-05-09,,Erez,Ben-Nun,Tel-Aviv/Israel,,,3,,,,,,,,,,,,,,,,,,,,,,,,,,,,,,,,,,,,,,,,,,,,,
,,,,,,,,,,0,,Nir Dror Darwish,person,Geschäftsführer,2018-10-04,,Darwish,Nir Dror,Herzliya/Israel,,,4,,,,,,,,,,,,,,,,,,,,,,,,,,,,,,,,,,,,,,,,,,,,,
,,,,,,,,,,0,,Olga Rastia,person,Geschäftsführer,2018-10-04,,Rastia,Olga,Tel Avif/Israel,,,5,,,,,,,,,,,,,,,,,,,,,,,,,,,,,,,,,,,,,,,,,,,,,
,,,,,,,,,,0,,Olga Rastia,person,Geschäftsführer,2018-10-08,,Rastia,Olga,Tel Aviv/Israel,,,,,,,,,,,,,,,,,,,,,,,,,,,,,,,,,,,,,,,,,,,,,,,,
Dictao Deutschland GmbH,1514,2018-07-25T13:39:28Z,M1201_HRB88222,de/M1201_HRB88222,currently registered,de,"c/o Schalast & Partner, Mendelssohnstr.",c/o Schalast & Partner,Mendelssohnstr.,15,,Florent Latour,person,Geschäftsführer,,2014-07-21,Latour,Florent,Paris/ Frankreich / Frankreich,,true,,,,Frankfurt am Main,HRB,Hesse,88222,Frankfurt am Main HRB 88222,Frankfurt am Main,,,true,true,true,false,true,true,true,,,,,,,,,,,,,,,,,,,,,,,,,,,,
,,,,,,,,,,0,,Florent Latour,person,Geschäftsführer,2010-06-01,,Latour,Florent,Paris/ Frankreich,sole representation,,,,,,,,,,,,,,,,,,,,,,,,,,,,,,,,,,,,,,,,,,,,,,,
,,,,,,,,,,0,,François : Thill,person,Liquidator,2017-10-17,,: Thill,François,Paris / Frankreich,mit der Befugnis im Namen der Gesellschaft mit sich im eigenen Namen oder als Vertreter eines Dritten Rechtsgeschäfte abzuschließen,,,,,,,,,,,,,,,,,,,,,,,,,,,,,,,,,,,,,,,,,,,,,,,
,,,,,,,,,,0,,François Thill,person,Geschäftsführer,2014-07-21,,Thill,François,Paris / Frankreich,sole representation,,,,,,,,,,,,,,,,,,,,,,,,,,,,,,,,,,,,,,,,,,,,,,,
Billhardt & Freudenberg GmbH,2386,2018-07-25T14:11:17Z,U1308_HRB34685,de/U1308_HRB34685,currently registered,de,"c/o Jerome Billhardt, Industriestraße 31, 04229 Leipzig.",c/o Jerome Billhardt,Industriestraße,15,"31, 04229 Leipzig.",Jerome Billhardt,person,Geschäftsführer,2018-03-12,,Billhardt,Jerome,Leipzig,,,,,,Leipzig,HRB,Saxony,34685,Leipzig HRB 34685,Leipzig,,,true,true,true,false,true,true,true,,,,,,,,,,,,,,,,,,,,,,,,,,,,
Caro Gastro GmbH,4227,2018-07-25T15:18:54Z,R2503_HRB24878,de/R2503_HRB24878,currently registered,de,"Limbecker Platz 1A, Shopping-Center LP, La Passione, 45127 Essen.",Limbecker Platz 1A,Shopping-Center,15,"LP, La Passione, 45127 Essen.",Ömer Kale,person,Geschäftsführer,,2016-06-08,Kale,Ömer,Essen,,true,,,,Essen,HRB,North Rhine-Westphalia,24878,Essen HRB 24878,Essen,,,true,true,true,false,true,true,true,,,,,,,,,,,,,,,,,,,,,,,,,,,,
,,,,,,,,,,0,,Recep Yalcindag,person,Geschäftsführer,2016-06-08,,Yalcindag,Recep,Essen,einzelvertretungsberechtigt mit der Befugnis im Namen der Gesellschaft mit sich im eigenen Namen oder als Vertreter eines Dritten Rechtsgeschäfte abzuschließen,,,,,,,,,,,,,,,,,,,,,,,,,,,,,,,,,,,,,,,,,,,,,,,
,,,,,,,,,,0,,Ömer Kale,person,Geschäftsführer,2013-09-04,,Kale,Ömer,Essen,,,,,,,,,,,,,,,,,,,,,,,,,,,,,,,,,,,,,,,,,,,,,,,,
Kristall 165. GmbH,6553,2018-07-25T16:36:57Z,R3306_HRB76396,de/R3306_HRB76396,removed,de,"c/o VRB Vorratsgesellschaften GmbH,Friedrichstraße 133, 10117 Berlin.",c/o VRB Vorratsgesellschaften GmbH,Friedrichstraße,15,"133, 10117 Berlin.",Julia Vieth,person,Geschäftsführer,2012-09-05,,Vieth,Julia,Berlin,mit der Befugnis im Namen der Gesellschaft mit sich im eigenen Namen oder als Vertreter eines Dritten Rechtsgeschäfte abzuschließen,,,,,Köln,HRB,North Rhine-Westphalia,76396,Köln HRB 76396,Stuttgart,,,false,true,false,false,false,true,true,,,,,,,,,,,,,,,,,,,,,,,,,,,,
Hertie School of Governance gemeinnützige GmbH,7611,2018-11-02T09:18:16Z,F1103R_HRB97018,de/F1103R_HRB97018,currently registered,de,"c/o Quartier 110, Friedrichstraße 180, 10117 Berlin Nicht mehr Geschäftsführer:2) Prof. Doctor Zürn, Michael",c/o Quartier 110,Friedrichstraße,15,"180, 10117 Berlin Nicht mehr Geschäftsführer:2) Prof. Doctor Zürn, Michael",Christiane Rechtsform: Durch Beschluss der Gesellschafterversammlung vom 28.08.2008 ist der Gesellschaftsvertrag geändert in § 14 (Geschäftsjahr) Neumann,person,Geschäftsführer,,2008-09-01,Neumann,Christiane Rechtsform: Durch Beschluss der Gesellschafterversammlung vom 28.08.2008 ist der Gesellschaftsvertrag geändert in § 14 (Geschäftsjahr),,,true,3,,,Berlin (Charlottenburg),HRB,Berlin,97018,Berlin (Charlottenburg) HRB 97018,Berlin,,,true,true,true,false,true,true,true,,,,,,,,,,,,,,,,,,,,,,,,,,,,
,,,,,,,,,,0,,Lilianna Russ,person,Prokurist,,2008-10-28,Russ,Lilianna,,,true,2,,,,,,,,,,,,,,,,,,,,,,,,,,,,,,,,,,,,,,,,,,,,,
,,,,,,,,,,0,,Susanne Else Dorothea Schödel,person,Prokurist,,2008-10-28,Schödel,Susanne Else Dorothea,,,true,1,,,,,,,,,,,,,,,,,,,,,,,,,,,,,,,,,,,,,,,,,,,,,
,,,,,,,,,,0,,Michael Prof. Doctor Zürn,person,Geschäftsführer,,2009-10-12,Prof. Doctor Zürn,Michael,,,true,2,,,,,,,,,,,,,,,,,,,,,,,,,,,,,,,,,,,,,,,,,,,,,
,,,,,,,,,,0,,Sven Prokura:3) Prof. Doctor Enderlein Doctor Schütt,person,Geschäftsführer,2008-11-04,2010-11-26,Doctor Schütt,Sven Prokura:3) Prof. Doctor Enderlein,Henrik,Berlin,true,4,,,,,,,,,,,,,,,,,,,,,,,,,,,,,,,,,,,,,,,,,,,,,
,,,,,,,,,,0,,Henrik Prof. Doctor Enderlein,person,Prokurist,,2013-11-01,Prof. Doctor Enderlein,Henrik,,,true,3,,,,,,,,,,,,,,,,,,,,,,,,,,,,,,,,,,,,,,,,,,,,,
,,,,,,,,,,0,,Dagmar Hoffmann,person,Prokurist,2013-06-03,2014-12-02,Hoffmann,Dagmar,Potsdam,,true,5,,,,,,,,,,,,,,,,,,,,,,,,,,,,,,,,,,,,,,,,,,,,,
,,,,,,,,,,0,,Gerhard Prof. Doctor Hammerschmid,person,Prokurist,2012-11-19,2014-12-02,Prof. Doctor Hammerschmid,Gerhard,Berlin,,true,4,,,,,,,,,,,,,,,,,,,,,,,,,,,,,,,,,,,,,,,,,,,,,
,,,,,,,,,,0,,Anna Sophie Herken,person,Geschäftsführer,2011-05-09,2016-02-16,Herken,Anna Sophie,Berlin,,true,6,,,,,,,,,,,,,,,,,,,,,,,,,,,,,,,,,,,,,,,,,,,,,
,,,,,,,,,,0,,Stephanie Ohlraun,person,Prokurist,2016-02-16,2017-01-02,Ohlraun,Stephanie,Berlin,,true,7,,,,,,,,,,,,,,,,,,,,,,,,,,,,,,,,,,,,,,,,,,,,,
,,,,,,,,,,0,,Marina Doctor Frost,person,Geschäftsführer,2016-03-31,2017-06-12,Doctor Frost,Marina,Marne,,true,7,,,,,,,,,,,,,,,,,,,,,,,,,,,,,,,,,,,,,,,,,,,,,
,,,,,,,,,,0,,Helmut Prof. Doctor Anheier,person,Geschäftsführer,2009-10-12,2018-09-03,Prof. Doctor Anheier,Helmut,Heidelberg,,true,5,,,,,,,,,,,,,,,,,,,,,,,,,,,,,,,,,,,,,,,,,,,,,
,,,,,,,,,,0,,Henrik Prof. Doctor Enderlein,person,Prokurist,,2018-09-03,Prof. Doctor Enderlein,Henrik,,,true,6,,,,,,,,,,,,,,,,,,,,,,,,,,,,,,,,,,,,,,,,,,,,,
,,,,,,,,,,0,,Axel Dr. Baisch,person,Geschäftsführer,2017-04-03,,Dr. Baisch,Axel,Berlin,,,8,,,,,,,,,,,,,,,,,,,,,,,,,,,,,,,,,,,,,,,,,,,,,
,,,,,,,,,,0,,Carsten Gröhl,person,Prokurist,2017-01-02,,Gröhl,Carsten,Berlin,,,8,,,,,,,,,,,,,,,,,,,,,,,,,,,,,,,,,,,,,,,,,,,,,
,,,,,,,,,,0,,Henrik Prof. Doctor Enderlein,person,Geschäftsführer,2018-09-03,,Prof. Doctor Enderlein,Henrik,Berlin,,,9,,,,,,,,,,,,,,,,,,,,,,,,,,,,,,,,,,,,,,,,,,,,,
,,,,,,,,,,0,,Lilianna Russ,person,Prokurist,2006-06-23,,Russ,Lilianna,Berlin,,,,,,,,,,,,,,,,,,,,,,,,,,,,,,,,,,,,,,,,,,,,,,,,
PSE Management Consultancy GmbH,9689,2019-01-30T18:08:42Z,K1101R_HRB103635,de/K1101R_HRB103635,currently registered,de,"Gänsemarkt 35, ""Lessing-Haus"", 20354 Hamburg.",Gänsemarkt 35,"""Lessing-Haus"",",15,20354 Hamburg.,Franco Valentino Esposito,person,Geschäftsführer,,2016-01-05,Esposito,Franco Valentino,Hamburg,,true,,,,Hamburg,HRB,Hamburg,103635,Hamburg HRB 103635,Hamburg,,,true,true,true,false,true,true,false,,,,,,,,,,,,,,,,,,,,,,,,,,,,
,,,,,,,,,,0,,Marcus Schulz,person,Geschäftsführer,,2016-05-04,Schulz,Marcus,Hamburg,,true,,,,,,,,,,,,,,,,,,,,,,,,,,,,,,,,,,,,,,,,,,,,,,
,,,,,,,,,,0,,Franco Valentino Esposito,person,Geschäftsführer,2007-12-21,,Esposito,Franco Valentino,Hamburg,,,,,,,,,,,,,,,,,,,,,,,,,,,,,,,,,,,,,,,,,,,,,,,,
DIVV Düsseldorfer Immobilien- und Vermögensverwaltungsgesellschaft mbH,13087,2017-06-17T19:39:30Z,R1101_HRB56177,de/R1101_HRB56177,removed,de,"c/o Thomas Theiß, San-Remo-Straße 1, 40545 Düsseldorf.",c/o Thomas Theiß,San-Remo-Straße,15,"1, 40545 Düsseldorf.",Thomas Theiß,person,Geschäftsführer,2007-04-26,,Theiß,Thomas,Düsseldorf,einzelvertretungsberechtigt mit der Befugnis im Namen der Gesellschaft mit sich im eigenen Namen oder als Vertreter eines Dritten Rechtsgeschäfte abzuschließen,,,,,Düsseldorf,HRB,North Rhine-Westphalia,56177,Düsseldorf HRB 56177,Düsseldorf,,,false,true,true,false,false,true,true,,,,,,,,,,,,,,,,,,,,,,,,,,,,
,,,,,,,,,,0,,Thomas Theiß,person,Liquidator,2011-11-22,,Theiß,Thomas,Düsseldorf,einzelvertretungsberechtigt mit der Befugnis im Namen der Gesellschaft mit sich im eigenen Namen oder als Vertreter eines Dritten Rechtsgeschäfte abzuschließen,,,,,,,,,,,,,,,,,,,,,,,,,,,,,,,,,,,,,,,,,,,,,,,
Caruso UG (haftungsbeschränkt),18155,2017-06-21T01:03:21Z,R1101_HRB61222,de/R1101_HRB61222,removed,de,"c/o Salvatore Rattoballi, Lindemannstraße 2, 40237 Düsseldorf.",c/o Salvatore Rattoballi,Lindemannstraße,15,"2, 40237 Düsseldorf.",Emanuele Caruso,person,Geschäftsführer,,2012-01-19,Caruso,Emanuele,Düsseldorf,,true,,,,Düsseldorf,HRB,North Rhine-Westphalia,61222,Düsseldorf HRB 61222,Düsseldorf,,,false,true,true,false,false,true,true,,,,,,,,,,,,,,,,,,,,,,,,,,,,
,,,,,,,,,,0,,Emanuele Caruso,person,Geschäftsführer,2009-06-19,,Caruso,Emanuele,Düsseldorf,mit der Befugnis im Namen der Gesellschaft mit sich im eigenen Namen oder als Vertreter eines Dritten Rechtsgeschäfte abzuschließen,,,,,,,,,,,,,,,,,,,,,,,,,,,,,,,,,,,,,,,,,,,,,,,
,,,,,,,,,,0,,Salvatore Rattoballi,person,Geschäftsführer,2012-01-19,,Rattoballi,Salvatore,Düsseldorf,,,,,,,,,,,,,,,,,,,,,,,,,,,,,,,,,,,,,,,,,,,,,,,,
,,,,,,,,,,0,,Salvatore Rattoballi,person,Liquidator,2013-06-27,,Rattoballi,Salvatore,Düsseldorf,,,,,,,,,,,,,,,,,,,,,,,,,,,,,,,,,,,,,,,,,,,,,,,,
Bluetiq GmbH,20057,2018-07-26T02:56:40Z,R1101_HRB63787,de/R1101_HRB63787,currently registered,de,"ABD Business Center, Immermannstraße 13, 40210 Düsseldorf.",ABD Business Center,Immermannstraße,15,"13, 40210 Düsseldorf.",Remco Westermann,person,Geschäftsführer,,2012-12-06,Westermann,Remco,Düsseldorf,,true,,,,Düsseldorf,HRB,North Rhine-Westphalia,63787,Düsseldorf HRB 63787,Düsseldorf,,,true,true,true,false,true,true,true,,,,Guerilla Mobile Berlin GmbH,,,,,,,,,,,,,,,,,,,,,,,,
,,,,,,,,,,0,,Bernardus - gen Bos,person,Geschäftsführer,,2013-10-25,Bos,Bernardus - gen,,,true,,,,,,,,,,,,,,,,,,,,,,Just A Game GmbH,,,,,,,,,,,,,,,,,,,,,,,,
,,,,,,,,,,0,,Thomas Kothuis,person,Geschäftsführer,,2014-02-05,Kothuis,Thomas,Amsterdam / Niederlande,,true,,,,,,,,,,,,,,,,,,,,,,,,,,,,,,,,,,,,,,,,,,,,,,
,,,,,,,,,,0,,George Ursateanu,person,Geschäftsführer,,2017-02-01,Ursateanu,George,Aerdenhout / Niederlande,,true,,,,,,,,,,,,,,,,,,,,,,,,,,,,,,,,,,,,,,,,,,,,,,
,,,,,,,,,,0,,Benjamin Bezold,person,Geschäftsführer,2017-02-01,,Bezold,Benjamin,Wuppertal,einzelvertretungsberechtigt mit der Befugnis im Namen der Gesellschaft mit sich im eigenen Namen oder als Vertreter eines Dritten Rechtsgeschäfte abzuschließen,,,,,,,,,,,,,,,,,,,,,,,,,,,,,,,,,,,,,,,,,,,,,,,
,,,,,,,,,,0,,Bernardus - gen Bos,person,Geschäftsführer,2012-12-06,,Bos,Bernardus - gen,,,,,,,,,,,,,,,,,,,,,,,,,,,,,,,,,,,,,,,,,,,,,,,,,
,,,,,,,,,,0,,George Ursateanu,person,Geschäftsführer,2014-02-05,,Ursateanu,George,ZD Aerdenhout / Niederlande,einzelvertretungsberechtigt mit der Befugnis im Namen der Gesellschaft mit sich im eigenen Namen oder als Vertreter eines Dritten Rechtsgeschäfte abzuschließen,,,,,,,,,,,,,,,,,,,,,,,,,,,,,,,,,,,,,,,,,,,,,,,
,,,,,,,,,,0,,Remco Westermann,person,Geschäftsführer,2010-07-20,,Westermann,Remco,Düsseldorf,einzelvertretungsberechtigt mit der Befugnis im Namen der Gesellschaft mit sich im eigenen Namen oder als Vertreter eines Dritten Rechtsgeschäfte abzuschließen,,,,,,,,,,,,,,,,,,,,,,,,,,,,,,,,,,,,,,,,,,,,,,,
,,,,,,,,,,0,,Thomas Kothuis,person,Geschäftsführer,2013-10-25,,Kothuis,Thomas,Amsterdam/ Niederlande,einzelvertretungsberechtigt mit der Befugnis im Namen der Gesellschaft mit sich im eigenen Namen oder als Vertreter eines Dritten Rechtsgeschäfte abzuschließen,,,,,,,,,,,,,,,,,,,,,,,,,,,,,,,,,,,,,,,,,,,,,,,
BEMA Consulting GmbH,22871,2018-07-26T04:52:01Z,R1101_HRB66564,de/R1101_HRB66564,currently registered,de,"c/o BEMA Invest GmbH, BROADWAYOFFICE, Breite Straße 31, 40213 Düsseldorf.",c/o BEMA Invest GmbH,"BROADWAYOFFICE,",15,"Breite Straße 31, 40213 Düsseldorf.",Mark Simon,person,Prokurist,,2013-09-27,Simon,Mark,Düsseldorf,,true,,,,Düsseldorf,HRB,North Rhine-Westphalia,66564,Düsseldorf HRB 66564,Düsseldorf,,,true,true,true,false,true,true,true,,,,NewCo 28 GmbH,,,,,,,,,,,,,,,,,,,,,,,,
,,,,,,,,,,0,,Mark Simon,person,Geschäftsführer,2011-10-12,,Simon,Mark,Düsseldorf,,,,,,,,,,,,,,,,,,,,,,,,,,,,,,,,,,,,,,,,,,,,,,,,
,,,,,,,,,,0,,Marno Matthäs,person,Geschäftsführer,2011-10-12,,Matthäs,Marno,Düsseldorf,einzelvertretungsberechtigt mit der Befugnis im Namen der Gesellschaft mit sich im eigenen Namen oder als Vertreter eines Dritten Rechtsgeschäfte abzuschließen,,,,,,,,,,,,,,,,,,,,,,,,,,,,,,,,,,,,,,,,,,,,,,,
Leaxa Biotechnology Products AG,23785,2018-07-26T05:29:33Z,R1101_HRB67004,de/R1101_HRB67004,removed,de,"c/o Raupach & Wollert-Elmendorff, Rechtsanwaltsgesellschaft mbH, Schwannstraße 6, 40476 Düsseldorf.",c/o Raupach & Wollert-Elmendorff,Rechtsanwaltsgesellschaft,25,"mbH, Schwannstraße 6, 40476 Düsseldorf.",,,,,,,,,,,,,,Düsseldorf,HRB,North Rhine-Westphalia,67004,Düsseldorf HRB 67004,Düsseldorf,,,false,true,true,false,false,true,true,,,,,,,,,,,,,,,,,,,,,,,,,,,,
TRACOPEN GmbH,24485,2018-07-26T05:58:12Z,R1101_HRB67312,de/R1101_HRB67312,currently registered,de,"c/o Steuerbüro Enderlein, Westfalenstraße 21-25, 40472 Düsseldorf.",c/o Steuerbüro Enderlein,Westfalenstraße,15,"21-25, 40472 Düsseldorf.",Bernhard Wolter,person,Geschäftsführer,,2012-09-25,Wolter,Bernhard,Düsseldorf,,true,,,,Düsseldorf,HRB,North Rhine-Westphalia,67312,Düsseldorf HRB 67312,Düsseldorf,,,true,true,true,false,true,true,true,,,,,,,,,,,,,,,,,,,,,,,,,,,,
,,,,,,,,,,0,,Bert Pennarts,person,Geschäftsführer,2012-02-09,,Pennarts,Bert,Harderwijk,,,,,,,,,,,,,,,,,,,,,,,,,,,,,,,,,,,,,,,,,,,,,,,,
Teamsunited GmbH,24509,2017-06-25T10:37:40Z,K1101R_HRB113098,de/K1101R_HRB113098,removed,de,"c/o Gründerwerkstatt/HAW Hamburg, Alexanderstraße 1, 20099 Hamburg.",c/o Gründerwerkstatt/HAW Hamburg,Alexanderstraße,15,"1, 20099 Hamburg.",Robin John Andes Harries,person,Geschäftsführer,2010-03-18,,Harries,Robin John Andes,Hamburg,,,,,,Hamburg,HRB,Hamburg,113098,Hamburg HRB 113098,Hamburg,,,false,true,true,false,false,true,true,,,,,,,,,,,,,,,,,,,,,,,,,,,,
,,,,,,,,,,0,,Robin John Andes Harries,person,Liquidator,2012-07-31,,Harries,Robin John Andes,Hamburg,,,,,,,,,,,,,,,,,,,,,,,,,,,,,,,,,,,,,,,,,,,,,,,,
Paxton Access GmbH,28114,2017-06-26T22:58:25Z,R1101_HRB69132,de/R1101_HRB69132,currently registered,de,"c/o MAZARS GmbH Wirtschaftsprüfungsgesellschaft, Bennigsen-Platz 1, 40474 Düsseldorf.",c/o MAZARS GmbH Wirtschaftsprüfungsgesellschaft,Bennigsen-Platz,15,"1, 40474 Düsseldorf.",Carola Vonhof-Stolz,person,Geschäftsführer,,2013-03-21,Vonhof-Stolz,Carola,Berlin,,true,,,,Düsseldorf,HRB,North Rhine-Westphalia,69132,Düsseldorf HRB 69132,Düsseldorf,,,true,true,true,false,true,true,true,,,,Kronen tausend797 GmbH,,,,,,,,,,,,,,,,,,,,,,,,
,,,,,,,,,,0,,Carola Vonhof-Stolz,person,Geschäftsführer,2012-11-29,,Vonhof-Stolz,Carola,Berlin,einzelvertretungsberechtigt mit der Befugnis im Namen der Gesellschaft mit sich im eigenen Namen oder als Vertreter eines Dritten Rechtsgeschäfte abzuschließen,,,,,,,,,,,,,,,,,,,,,,,,,,,,,,,,,,,,,,,,,,,,,,,
,,,,,,,,,,0,,Vinay Parekh,person,Geschäftsführer,2014-01-29,,Parekh,Vinay,Burgess Hill / Vereinigtes Königreich,,,,,,,,,,,,,,,,,,,,,,,,,,,,,,,,,,,,,,,,,,,,,,,,
Life is You! oHG,29117,2017-06-27T11:37:39Z,K1101R_HRA115329,de/K1101R_HRA115329,removed,de,"Rotenhäuser Straße 75, Weltgewerbehof, 21107 Hamburg.",Rotenhäuser Straße 75,"Weltgewerbehof,",15,21107 Hamburg.,Beata Bahr,person,Persönlich haftender Gesellschafter,2012-10-16,,Bahr,Beata,Hamburg,,,,,,Hamburg,HRA,Hamburg,115329,Hamburg HRA 115329,Hamburg,,,false,true,true,false,false,true,true,,,,,,,,,,,,,,,,,,,,,,,,,,,,
HGB - Hamburger Geschirrbude UG (haftungsbeschränkt) & Co. KG,32401,2017-06-29T04:04:16Z,K1101R_HRA117667,de/K1101R_HRA117667,currently registered,de,"Dessauer Straße 10, Verwaltungsgeb.",Dessauer Straße 10,Verwaltungsgeb.,15,,"Geschirrbude Verwaltung UG (haftungsbeschränkt), Hamburg (Amtsgericht Hamburg HRB 132067).",company,Persönlich haftender Gesellschafter,2014-06-16,,,,,,,,,,Hamburg,HRA,Hamburg,117667,Hamburg HRA 117667,Hamburg,,,true,true,true,false,true,true,true,,,,,,,,,,,,,,,,,,,,,,,,,,,,
Pro Personalmanagement Hamburg GmbH,32412,2017-06-29T04:11:31Z,K1101R_HRB117674,de/K1101R_HRB117674,currently registered,de,"Gänsemarkt 35, ""Lessing-Haus"", 20354 Hamburg.",Gänsemarkt 35,"""Lessing-Haus"",",15,20354 Hamburg.,Susanne Wischnewski,person,Geschäftsführer,2011-05-17,,Wischnewski,Susanne,Jork,sole representation,,,,,Hamburg,HRB,Hamburg,117674,Hamburg HRB 117674,Hamburg,,,true,true,true,false,true,true,true,,,,,,,,,,,,,,,,,,,,,,,,,,,,
,,,,,,,,,,0,,Ulrike Haubold-Ecks,person,Geschäftsführer,2011-03-22,,Haubold-Ecks,Ulrike,Gröbenzell,sole representation,,,,,,,,,,,,,,,,,,,,,,,,,,,,,,,,,,,,,,,,,,,,,,,
VITAL Agro Handel GmbH,33435,2019-01-30T18:12:12Z,K1101R_HRB118441,de/K1101R_HRB118441,currently registered,de,"Airport Center (Haus C), Flughafenstraße 52 a, 22335 Hamburg.",Airport Center (Haus C),Flughafenstraße,15,"52 a, 22335 Hamburg.",Richard Voswinckel,person,Liquidator,2019-01-15,,Voswinckel,Richard,La Antigua/Guatemala / Guatemala,sole representation,,,,,Hamburg,HRB,Hamburg,118441,Hamburg HRB 118441,Hamburg,,,true,true,true,false,true,true,false,,,,,,,,,,,,,,,,,,,,,,,,,,,,
,,,,,,,,,,0,,Richard Voswinckel,person,Geschäftsführer,2011-05-25,,Voswinckel,Richard,La Antigua/Guatemala,sole representation,,,,,,,,,,,,,,,,,,,,,,,,,,,,,,,,,,,,,,,,,,,,,,,
MASI Vermögensverwaltung GmbH,35680,2017-06-30T19:12:18Z,R1101_HRB69431,de/R1101_HRB69431,currently registered,de,"c/o trivago GmbH, Bennigsen-Platz 1, 40474 Düsseldorf.",c/o trivago GmbH,Bennigsen-Platz,15,"1, 40474 Düsseldorf.",Julia Vieth,person,Geschäftsführer,,2013-04-08,Vieth,Julia,Berlin,,true,,,,Düsseldorf,HRB,North Rhine-Westphalia,69431,Düsseldorf HRB 69431,Düsseldorf,,,true,true,true,false,true,true,true,,,,Diamant 116. (Einhundertsechzehnte) GmbH,,,,,,,,,,,,,,,,,,,,,,,,
,,,,,,,,,,0,,Julia Vieth,person,Geschäftsführer,2013-01-17,,Vieth,Julia,Berlin,mit der Befugnis im Namen der Gesellschaft mit sich im eigenen Namen oder als Vertreter eines Dritten Rechtsgeschäfte abzuschließen,,,,,,,,,,,,,,,,,,,,,,,,,,,,,,,,,,,,,,,,,,,,,,,
,,,,,,,,,,0,,Malte Siewert,person,Geschäftsführer,2013-04-08,,Siewert,Malte,Düsseldorf,einzelvertretungsberechtigt mit der Befugnis im Namen der Gesellschaft mit sich im eigenen Namen oder als Vertreter eines Dritten Rechtsgeschäfte abzuschließen,,,,,,,,,,,,,,,,,,,,,,,,,,,,,,,,,,,,,,,,,,,,,,,
Pro Personalmanagement GmbH,38813,2017-06-26T09:00:52Z,K1101R_HRB114029,de/K1101R_HRB114029,currently registered,de,"Gänsemarkt 35, ""Lessing-Haus"", 20354 Hamburg.",Gänsemarkt 35,"""Lessing-Haus"",",15,20354 Hamburg.,Cornelia Sonntag,person,Geschäftsführer,,2014-07-09,Sonntag,Cornelia,Bad Lobenstein,,true,,,,Hamburg,HRB,Hamburg,114029,Hamburg HRB 114029,Hamburg,,,true,true,true,false,true,true,true,,,,Pro Personalmanagement M2 GmbH,,,,,,,,,,,,,,,,,,,,,,,,
,,,,,,,,,,0,,Günther Heinke,person,Geschäftsführer,2015-08-31,,Heinke,Günther,München,sole representation,,,,,,,,,,,,,,,,,,,,,,,,,,,,,,,,,,,,,,,,,,,,,,,
,,,,,,,,,,0,,Ulrike Haubold-Ecks,person,Geschäftsführer,2010-06-10,,Haubold-Ecks,Ulrike,Gröbenzell,,,,,,,,,,,,,,,,,,,,,,,,,,,,,,,,,,,,,,,,,,,,,,,,
Sticker Gigant UG (haftungsbeschränkt),41731,2018-07-26T19:23:51Z,R1101_HRB80555,de/R1101_HRB80555,currently registered,de,"c/o Startplatz, Speditionstraße 15a, 40221 Düsseldorf.",c/o Startplatz,Speditionstraße,15,"15a, 40221 Düsseldorf.",Andrea Richter,person,Geschäftsführer,2017-05-05,,Richter,Andrea,Klein Grenz,mit der Befugnis im Namen der Gesellschaft mit sich im eigenen Namen oder als Vertreter eines Dritten Rechtsgeschäfte abzuschließen,,,,,Düsseldorf,HRB,North Rhine-Westphalia,80555,Düsseldorf HRB 80555,Düsseldorf,,,true,true,true,false,true,true,true,,,,,,,,,,,,,,,,,,,,,,,,,,,,
Lubmann GmbH,46289,2017-07-08T15:21:50Z,R1101_HRB76903,de/R1101_HRB76903,currently registered,de,"c/o Kiefer Stübben Partner, Graf-Recke-Str.",c/o Kiefer Stübben Partner,Graf-Recke-Str.,15,,Minzhang Zhao,person,Geschäftsführer,2016-02-11,,Zhao,Minzhang,Shanghai / China,einzelvertretungsberechtigt mit der Befugnis im Namen der Gesellschaft mit sich im eigenen Namen oder als Vertreter eines Dritten Rechtsgeschäfte abzuschließen,,,,,Düsseldorf,HRB,North Rhine-Westphalia,76903,Düsseldorf HRB 76903,Düsseldorf,,,true,true,true,false,true,true,true,,,,,,,,,,,,,,,,,,,,,,,,,,,,
CCE Hanseatic Agri GmbH,46322,2017-07-08T16:16:26Z,K1101R_HRB128213,de/K1101R_HRB128213,currently registered,de,"Tempowerkring 6, hit-Technopark, 21079 Hamburg.",Tempowerkring 6,"hit-Technopark,",15,21079 Hamburg.,Carl Graf zu Eulenburg,person,Geschäftsführer,2013-07-16,,Graf zu Eulenburg,Carl,Hamburg,sole representation,,,,,Hamburg,HRB,Hamburg,128213,Hamburg HRB 128213,Hamburg,,,true,true,true,false,true,true,true,,,,,,,,,,,,,,,,,,,,,,,,,,,,
PePaCo Unternehmergesellschaft (haftungsbeschränkt),53167,2017-07-20T04:04:10Z,K1101R_HRB137697,de/K1101R_HRB137697,currently registered,de,"Flughafenstraße 52a, Airport-Center, Haus C, 22335 Hamburg.",Flughafenstraße 52a,"Airport-Center,",15,"Haus C, 22335 Hamburg.",Mandy Just,person,Geschäftsführer,2015-08-11,,Just,Mandy,Hamburg,,,,,,Hamburg,HRB,Hamburg,137697,Hamburg HRB 137697,Hamburg,,,true,true,true,false,true,true,true,,,,,,,,,,,,,,,,,,,,,,,,,,,,
ITMS UG (haftungsbeschränkt),54735,2017-07-22T06:00:24Z,K1101R_HRB139560,de/K1101R_HRB139560,currently registered,de,"c/o Vitalien, Dorotheenstraße 178, 22299 Hamburg.",c/o Vitalien,Dorotheenstraße,15,"178, 22299 Hamburg.",Henrik de Feyter,person,Geschäftsführer,2015-12-30,,de Feyter,Henrik,Hamburg,,,,,,Hamburg,HRB,Hamburg,139560,Hamburg HRB 139560,Hamburg,,,true,true,true,false,true,true,true,,,,,,,,,,,,,,,,,,,,,,,,,,,,
Landscaper Berliner Garten- und Landschaftsbau GmbH,58596,2017-06-13T20:51:47Z,F1103R_HRB101490,de/F1103R_HRB101490,currently registered,de,"c/o INTECH Gewerbepark, Gehrenseestraße 19, 13053 Berlin",c/o INTECH Gewerbepark,Gehrenseestraße,15,"19, 13053 Berlin",Regine geborene Bräßnigk Balabanow,person,Geschäftsführer,,2012-08-23,Balabanow,Regine geborene Bräßnigk,,,true,1,,,Berlin (Charlottenburg),HRB,Berlin,101490,Berlin (Charlottenburg) HRB 101490,Berlin,,,true,true,true,false,true,true,true,,,,,,,,,,,,,,,,,,,,,,,,,,,,
,,,,,,,,,,0,,Volker Möllenberg,person,Geschäftsführer,2012-08-23,2016-01-25,Möllenberg,Volker,Bernau,,true,2,,,,,,,,,,,,,,,,,,,,,,,,,,,,,,,,,,,,,,,,,,,,,
,,,,,,,,,,0,,Antje Roswitha Canamares Navarro,person,Geschäftsführer,2016-01-25,,Canamares Navarro,Antje Roswitha,Hohen Neuendorf,,,3,,,,,,,,,,,,,,,,,,,,,,,,,,,,,,,,,,,,,,,,,,,,,
,,,,,,,,,,0,,Regine geborene Bräßnigk Balabanow,person,Geschäftsführer,2006-04-13,,Balabanow,Regine geborene Bräßnigk,Berlin,,,,,,,,,,,,,,,,,,,,,,,,,,,,,,,,,,,,,,,,,,,,,,,,
,,,,,,,,,,0,,Volker Möllenberg,person,Prokurist,2016-01-25,,Möllenberg,Volker,Bernau,,,1,,,,,,,,,,,,,,,,,,,,,,,,,,,,,,,,,,,,,,,,,,,,,
Bernd Kopin Beteiligungs-UG (haftungsbeschränkt),58635,2017-06-13T22:02:54Z,F1103R_HRB152155,de/F1103R_HRB152155,removed,de,"c/o Bernd Kopin, Karl-Marx-Allee 56, 10243 Berlin",c/o Bernd Kopin,Karl-Marx-Allee,15,"56, 10243 Berlin",Bernd Kopin,person,Geschäftsführer,2013-08-16,,Kopin,Bernd,Berlin,,,1,,,Berlin (Charlottenburg),HRB,Berlin,152155,Berlin (Charlottenburg) HRB 152155,Berlin,,,false,true,true,false,false,true,true,,,,,,,,,,,,,,,,,,,,,,,,,,,,
,,,,,,,,,,0,,Bernd Kopin,person,Liquidator,2015-07-27,,Kopin,Bernd,Berlin,,,,,,,,,,,,,,,,,,,,,,,,,,,,,,,,,,,,,,,,,,,,,,,,
WesLog GmbH,58774,2017-06-14T00:42:50Z,F1103R_HRB152353,de/F1103R_HRB152353,currently registered,de,"c/o Sirius Business Park Berlin-Tempelhof, Großbeerenstaße 2-10, 12107 Berlin Gegenstand: Betreiben eines Speditionsgeschafts, nämlich die Besorgung der Versendung von Waren, die Organisation der Beförderung im Güterverkehr sowie das Erbringen weiterer auf die Beförderung und den Umschlag bezogener Dienstleistungen.",c/o Sirius Business Park Berlin-Tempelhof,Großbeerenstaße,15,"2-10, 12107 Berlin Gegenstand: Betreiben eines Speditionsgeschafts, nämlich die Besorgung der Versendung von Waren, die Organisation der Beförderung im Güterverkehr sowie das Erbringen weiterer auf die Beförderung und den Umschlag bezogener Dienstleistungen.",Tomasz Kalenik,person,Geschäftsführer,2013-08-26,,Kalenik,Tomasz,Szczecin/Polen,,,1,,,Berlin (Charlottenburg),HRB,Berlin,152353,Berlin (Charlottenburg) HRB 152353,Berlin,,,true,true,false,false,true,true,true,,,,,,,,,,,,,,,,,,,,,,,,,,,,
NutriDeluxe Nahrungsergänzung UG (haftungsbeschränkt),58823,2017-06-14T01:45:36Z,F1103R_HRB152434,de/F1103R_HRB152434,removed,de,"c/o Pawel Kalman, Eisenzahnstraße 15, 10709 Berlin",c/o Pawel Kalman,Eisenzahnstraße,15,"15, 10709 Berlin",Pawel Kalman,person,Geschäftsführer,2013-08-29,,Kalman,Pawel,Berlin,,,1,,,Berlin (Charlottenburg),HRB,Berlin,152434,Berlin (Charlottenburg) HRB 152434,Berlin,,,false,true,false,false,false,true,true,,,,,,,,,,,,,,,,,,,,,,,,,,,,
,,,,,,,,,,0,,Pawel Kalman,person,Geschäftsführer,2014-04-24,,Kalman,Pawel,,,,,,,,,,,,,,,,,,,,,,,,,,,,,,,,,,,,,,,,,,,,,,,,,
Kuehn Ventures UG (haftungsbeschränkt),59031,2017-06-14T05:45:43Z,F1103R_HRB152744,de/F1103R_HRB152744,currently registered,de,"c/o Benjamin Kühn, Insterburgallee 17, 14055 Berlin",c/o Benjamin Kühn,Insterburgallee,15,"17, 14055 Berlin",Benjamin Kühn,person,Geschäftsführer,2013-09-13,,Kühn,Benjamin,Berlin,,,1,,,Berlin (Charlottenburg),HRB,Berlin,152744,Berlin (Charlottenburg) HRB 152744,Berlin,,,true,true,true,false,true,true,true,,,,,,,,,,,,,,,,,,,,,,,,,,,,
PrivacyBox UG (haftungsbeschränkt),59219,2017-06-14T09:28:58Z,F1103R_HRB153031,de/F1103R_HRB153031,removed,de,"c/o dotplex, Reinhardtstraße 27c, 10117 Berlin",c/o dotplex,Reinhardtstraße,15,"27c, 10117 Berlin",Jan-Kaspar Münnich,person,Geschäftsführer,2013-09-26,,Münnich,Jan-Kaspar,Berlin,,,1,,,Berlin (Charlottenburg),HRB,Berlin,153031,Berlin (Charlottenburg) HRB 153031,Berlin,,,false,true,true,false,false,true,true,,,,,,,,,,,,,,,,,,,,,,,,,,,,
,,,,,,,,,,0,,Jan-Kaspar Münnich,person,Liquidator,2015-10-14,,Münnich,Jan-Kaspar,Berlin,,,,,,,,,,,,,,,,,,,,,,,,,,,,,,,,,,,,,,,,,,,,,,,,
Franzen Holding UG (haftungsbeschränkt),59252,2018-11-01T21:50:57Z,F1103R_HRB153075,de/F1103R_HRB153075,removed,de,"c/o Sebastian Franzen, Czeminskistraße 3, 10829 Berlin Gegenstand: Der Erwerb, die Verwaltung und die Verwertung von Beteiligungen bzw. Unternehmen im eigenen Namen, auf eigene Rechnung, nicht für Dritte und unter Ausschluss erlaubnispflichtiger Tätigkeiten, insbesondere solcher, die einer Erlaubnis nach dem Kreditwesengesetz (KWG) bedürfen.",c/o Sebastian Franzen,Czeminskistraße,15,"3, 10829 Berlin Gegenstand: Der Erwerb, die Verwaltung und die Verwertung von Beteiligungen bzw. Unternehmen im eigenen Namen, auf eigene Rechnung, nicht für Dritte und unter Ausschluss erlaubnispflichtiger Tätigkeiten, insbesondere solcher, die einer Erlaubnis nach dem Kreditwesengesetz (KWG) bedürfen.",Sebastian Franzen,person,Geschäftsführer,2013-09-26,,Franzen,Sebastian,Berlin,,,1,,,Berlin (Charlottenburg),HRB,Berlin,153075,Berlin (Charlottenburg) HRB 153075,Berlin,,,false,true,true,false,false,true,true,,,,,,,,,,,,,,,,,,,,,,,,,,,,
,,,,,,,,,,0,,Sebastian Franzen,person,Liquidator,2016-01-14,,Franzen,Sebastian,Berlin,,,,,,,,,,,,,,,,,,,,,,,,,,,,,,,,,,,,,,,,,,,,,,,,
famany UG (haftungsbeschränkt),59363,2017-06-14T12:00:01Z,F1103R_HRB153226,de/F1103R_HRB153226,removed,de,"c/o Bernd Kopin, Karl-Marx-Allee 56, 10243 Berlin",c/o Bernd Kopin,Karl-Marx-Allee,15,"56, 10243 Berlin",Linda Schuster,person,Geschäftsführer,2013-10-07,2015-07-21,Schuster,Linda,Berlin,,true,2,,,Berlin (Charlottenburg),HRB,Berlin,153226,Berlin (Charlottenburg) HRB 153226,Berlin,,,false,true,true,false,false,true,true,,,,,,,,,,,,,,,,,,,,,,,,,,,,
,,,,,,,,,,0,,Bernd Kopin,person,Geschäftsführer,2013-10-07,,Kopin,Bernd,Berlin,,,1,,,,,,,,,,,,,,,,,,,,,,,,,,,,,,,,,,,,,,,,,,,,,
,,,,,,,,,,0,,Bernd Kopin,person,Liquidator,2015-07-21,,Kopin,Bernd,Berlin,,,,,,,,,,,,,,,,,,,,,,,,,,,,,,,,,,,,,,,,,,,,,,,,
Aluma Investment GmbH,59399,2017-06-14T12:42:43Z,F1103R_HRB153281,de/F1103R_HRB153281,currently registered,de,"c/o Steuerkontor Fischer, Knesebeckstraße 32, 10623 Berlin",c/o Steuerkontor Fischer,Knesebeckstraße,15,"32, 10623 Berlin",David Amsalem,person,Geschäftsführer,2013-10-10,,Amsalem,David,Modiin/Israel,,,1,,,Berlin (Charlottenburg),HRB,Berlin,153281,Berlin (Charlottenburg) HRB 153281,Berlin,,,true,true,true,false,true,true,true,,,,Leipziger Straße 35 FFO UG (haftungsbeschränkt),,,,,,,,,,,,,,,,,,,,,,,,
Queen Anne Street Investments GmbH,59548,2017-06-14T14:49:32Z,F1103R_HRB102682,de/F1103R_HRB102682,currently registered,de,"c/o Steuerkontor Fischer, Knesebeckstraße 32, 10623 Berlin.",c/o Steuerkontor Fischer,Knesebeckstraße,15,"32, 10623 Berlin.",Antje Borcherdt,person,Geschäftsführer,,2006-07-26,Borcherdt,Antje,,,true,1,,,Berlin (Charlottenburg),HRB,Berlin,102682,Berlin (Charlottenburg) HRB 102682,Berlin,,,true,true,true,false,true,true,true,,,,Brilliant 317. GmbH,,,,,,,,,,,,,,,,,,,,,,,,
,,,,,,,,,,0,,Andrew Donald Bratt,person,Geschäftsführer,2006-07-26,,Bratt,Andrew Donald,Garden Flat/London,,,,,,,,,,,,,,,,,,,,,,,,Queen Anne St reet GmbH,,,,,,,,,,,,,,,,,,,,,,,,
,,,,,,,,,,0,,Antje Borcherdt,person,Geschäftsführer,2006-07-05,,Borcherdt,Antje,Berlin,,,,,,,,,,,,,,,,,,,,,,,,Queen Anne Street GmbH,,,,,,,,,,,,,,,,,,,,,,,,
,,,,,,,,,,0,,Simon Christopher Miller,person,Geschäftsführer,2006-07-26,,Miller,Simon Christopher,Upminster/Essex,,,,,,,,,,,,,,,,,,,,,,,,,,,,,,,,,,,,,,,,,,,,,,,,
Brillant 2197. GmbH & Co. Verwaltungs KG,60596,2017-06-14T19:30:04Z,F1103R_HRA51467,de/F1103R_HRA51467,removed,de,"c/o VRB Vorratsgesellschaften GmbH, Friedrichstraße 133, 10117 Berlin",c/o VRB Vorratsgesellschaften GmbH,Friedrichstraße,15,"133, 10117 Berlin",,,,,,,,,,,,,,Berlin (Charlottenburg),HRA,Berlin,51467,Berlin (Charlottenburg) HRA 51467,Schönefeld,,,false,true,true,false,false,true,true,,,,,,,,,,,,,,,,,,,,,,,,,,,,
Valley Sound UG (haftungsbeschränkt) & Co. KG,60769,2017-06-14T20:56:37Z,F1103R_HRA51565,de/F1103R_HRA51565,currently registered,de,"c/o Ramos Lalinde, Kreuzbergstraße 28, 10965 Berlin",c/o Ramos Lalinde,Kreuzbergstraße,15,"28, 10965 Berlin","Valley Sound Administration UG (haftungsbeschränkt), Berlin (Amtsgericht Charlottenburg, HRB 168231 B)",company,Persönlich haftender Gesellschafter,2015-11-09,,,,,,,1,,,Berlin (Charlottenburg),HRA,Berlin,51565,Berlin (Charlottenburg) HRA 51565,Berlin,,,true,true,true,false,true,true,true,,,,,,,,,,,,,,,,,,,,,,,,,,,,
Lindstein GmbH,60811,2017-06-14T21:16:08Z,F1103R_HRB153936,de/F1103R_HRB153936,currently registered,de,"c/o ""Morton-Towers"" Technology GmbH, Bleibtreustraße 24, 10707 Berlin","c/o ""Morton-Towers"" Technology GmbH",Bleibtreustraße,15,"24, 10707 Berlin",Florian Powarzynski,person,Geschäftsführer,2013-11-08,,Powarzynski,Florian,München,,,1,,,Berlin (Charlottenburg),HRB,Berlin,153936,Berlin (Charlottenburg) HRB 153936,Berlin,,,true,true,true,false,true,true,true,,,,,,,,,,,,,,,,,,,,,,,,,,,,
Vendita Budapester Straße 35 GmbH & Co. KG,61082,2017-06-15T00:13:34Z,F1103R_HRA51779,de/F1103R_HRA51779,removed,de,"c/o Steuerkontor Fischer, Knesebeckstraße 32, 10623 Berlin",c/o Steuerkontor Fischer,Knesebeckstraße,15,"32, 10623 Berlin","Vendita Verwaltungs GmbH, Berlin (Amtsgericht Charlottenburg, HRB 162825 B)",company,Persönlich haftender Gesellschafter,2016-01-14,,,,,,,1,,,Berlin (Charlottenburg),HRA,Berlin,51779,Berlin (Charlottenburg) HRA 51779,Frankfurt am Main,,,false,true,false,false,false,true,true,,,,,,,,,,,,,,,,,,,,,,,,,,,,
CHHI Georg-Schumann-Straße GmbH & Co. KG,61134,2017-06-15T00:45:31Z,F1103R_HRA51815,de/F1103R_HRA51815,currently registered,de,"c/o Steuerberater Christian Fischer, Knesebeckstraße 32, 10623 Berlin",c/o Steuerberater Christian Fischer,Knesebeckstraße,15,"32, 10623 Berlin","CHHI Holdings GmbH, Berlin (Amtsgericht Charlottenburg, HRB 156495 B)",company,Persönlich haftender Gesellschafter,2016-01-21,,,,,,,1,,,Berlin (Charlottenburg),HRA,Berlin,51815,Berlin (Charlottenburg) HRA 51815,Berlin,,,true,true,false,false,true,true,true,,,,,,,,,,,,,,,,,,,,,,,,,,,,
Brillant 2293. GmbH & Co. Verwaltungs KG,61153,2017-06-15T01:01:01Z,F1103R_HRA51834,de/F1103R_HRA51834,currently registered,de,"c/o VRB Vorratsgesellschaften GmbH, Friedrichstraße 133, 10117 Berlin",c/o VRB Vorratsgesellschaften GmbH,Friedrichstraße,15,"133, 10117 Berlin","YKBH Immobilien GmbH, Haale/Saale (Amtsgericht Stendal, HRB 22993)",company,Persönlich haftender Gesellschafter,2016-08-30,,,,,,,,,,Berlin (Charlottenburg),HRA,Berlin,51834,Berlin (Charlottenburg) HRA 51834,Berlin,,,true,true,false,false,true,true,true,,,,,,,,,,,,,,,,,,,,,,,,,,,,
CHHI Spinnereistraße GmbH & Co. KG,61389,2017-06-15T03:50:30Z,F1103R_HRA52020,de/F1103R_HRA52020,currently registered,de,"c/o Steuerberater Christian Fischer, Knesebeckstraße 32, 10623 Berlin",c/o Steuerberater Christian Fischer,Knesebeckstraße,15,"32, 10623 Berlin","CHHI Holdings GmbH, Berlin (Amtsgericht Charlottenburg, HRB 156495 B)",company,Persönlich haftender Gesellschafter,2016-03-11,,,,,,,1,,,Berlin (Charlottenburg),HRA,Berlin,52020,Berlin (Charlottenburg) HRA 52020,Berlin,,,true,true,false,false,true,true,true,,,,,,,,,,,,,,,,,,,,,,,,,,,,
Langley Real Estate Management GmbH,61607,2017-06-15T06:11:24Z,F1103R_HRB99210,de/F1103R_HRB99210,currently registered,de,"c/o Wagemann + Partner GbR, Eisenzahnstraße 64, 10709 Berlin.",c/o Wagemann + Partner GbR,Eisenzahnstraße,15,"64, 10709 Berlin.",Arie Y Elkon,person,Geschäftsführer,2005-11-14,,Elkon,Arie Y,Tel Aviv/Israel,,,,,,Berlin (Charlottenburg),HRB,Berlin,99210,Berlin (Charlottenburg) HRB 99210,Berlin,,,true,true,true,false,true,true,true,,,,,,,,,,,,,,,,,,,,,,,,,,,,
,,,,,,,,,,0,,Eyal Elkon,person,Geschäftsführer,2005-11-14,,Elkon,Eyal,Tel Aviv/Israel,,,,,,,,,,,,,,,,,,,,,,,,,,,,,,,,,,,,,,,,,,,,,,,,
,,,,,,,,,,0,,Rainer Nobereit,person,Geschäftsführer,2006-09-07,,Nobereit,Rainer,Rastatt,,,,,,,,,,,,,,,,,,,,,,,,,,,,,,,,,,,,,,,,,,,,,,,,
Bros Residential GmbH & Co. KG,61761,2017-06-15T08:07:54Z,F1103R_HRA52290,de/F1103R_HRA52290,currently registered,de,"c/o Berlin Aspire Real Estate GmbH, Friedrichstraße 81, 10117 Berlin",c/o Berlin Aspire Real Estate GmbH,Friedrichstraße,15,"81, 10117 Berlin","Beesands Management GmbH, Berlin (Amtsgericht Charlottenburg, HRB 141679 B)",company,Persönlich haftender Gesellschafter,2016-05-24,,,,,,,1,,,Berlin (Charlottenburg),HRA,Berlin,52290,Berlin (Charlottenburg) HRA 52290,Berlin,,,true,true,true,false,true,true,true,,,,,,,,,,,,,,,,,,,,,,,,,,,,
Yakup Özsoy GmbH & Co. KG,62152,2017-06-15T12:46:47Z,F1103R_HRA52581,de/F1103R_HRA52581,currently registered,de,"c/o Yakup Özsoy, Goldhähnchenweg 9, 12359 Berlin",c/o Yakup Özsoy,Goldhähnchenweg,15,"9, 12359 Berlin","Yakup Özsoy Verwaltungs GmbH, Berlin (Amtsgericht Charlottenburg, HRB 179048 B)",company,Persönlich haftender Gesellschafter,2016-08-15,,,,,,,1,,,Berlin (Charlottenburg),HRA,Berlin,52581,Berlin (Charlottenburg) HRA 52581,Berlin,,,true,true,true,false,true,true,true,,,,,,,,,,,,,,,,,,,,,,,,,,,,
RTGER (Deutschland) Immobilien UG (haftungsbeschränkt) & Co. KG,62271,2017-06-15T14:28:22Z,F1103R_HRA52692,de/F1103R_HRA52692,currently registered,de,"c/o Aurec Real Estate Europe GmbH, Bleibtreustraße 41, 10623 Berlin",c/o Aurec Real Estate Europe GmbH,Bleibtreustraße,15,"41, 10623 Berlin","RTGER GP UG (haftungsbeschränkt), Berlin (Amtsgericht Charlottenburg, HRB 179961 B)",company,Persönlich haftender Gesellschafter,2016-09-16,,,,,,,1,,,Berlin (Charlottenburg),HRA,Berlin,52692,Berlin (Charlottenburg) HRA 52692,Berlin,,,true,true,true,false,true,true,true,,,,,,,,,,,,,,,,,,,,,,,,,,,,
Brillant 1801. GmbH,62301,2017-06-15T14:47:12Z,F1103R_HRB154733,de/F1103R_HRB154733,removed,de,"c/o VRB Vorratsgesellschaften GmbH, Friedrichstraße 133, 10117 Berlin",c/o VRB Vorratsgesellschaften GmbH,Friedrichstraße,15,"133, 10117 Berlin",Antje Borcherdt,person,Geschäftsführer,2013-12-10,,Borcherdt,Antje,Berlin,,,1,,,Berlin (Charlottenburg),HRB,Berlin,154733,Berlin (Charlottenburg) HRB 154733,Stemwede,,,false,true,true,false,false,true,true,,,,,,,,,,,,,,,,,,,,,,,,,,,,
Basil Residential GmbH & Co. KG,62483,2017-06-15T16:50:23Z,F1103R_HRA52847,de/F1103R_HRA52847,currently registered,de,"c/o Berlin Aspire Real Estate GmbH, Friedrichstraße 81, 10117 Berlin",c/o Berlin Aspire Real Estate GmbH,Friedrichstraße,15,"81, 10117 Berlin","Beesands Management GmbH, Berlin (Amtsgericht Charlottenburg, HRB 141679 B)",company,Persönlich haftender Gesellschafter,2016-11-10,,,,,,,1,,,Berlin (Charlottenburg),HRA,Berlin,52847,Berlin (Charlottenburg) HRA 52847,Berlin,,,true,true,true,false,true,true,true,,,,,,,,,,,,,,,,,,,,,,,,,,,,
Odem Residential GmbH & Co. KG,62510,2017-06-15T17:05:29Z,F1103R_HRA52866,de/F1103R_HRA52866,currently registered,de,"c/o Berlin Aspire Real Estate GmbH, Friedrichstraße 81, 10117 Berlin",c/o Berlin Aspire Real Estate GmbH,Friedrichstraße,15,"81, 10117 Berlin","Beesands Management GmbH, Berlin (Amtsgericht Charlottenburg, HRB 141679 B)",company,Persönlich haftender Gesellschafter,2016-11-15,,,,,,,1,,,Berlin (Charlottenburg),HRA,Berlin,52866,Berlin (Charlottenburg) HRA 52866,Berlin,,,true,true,true,false,true,true,true,,,,,,,,,,,,,,,,,,,,,,,,,,,,
Pekan Residential GmbH & Co. KG,62512,2017-06-15T17:06:16Z,F1103R_HRA52867,de/F1103R_HRA52867,currently registered,de,"c/o Berlin Aspire Real Estate GmbH, Friedrichstraße 81, 10117 Berlin",c/o Berlin Aspire Real Estate GmbH,Friedrichstraße,15,"81, 10117 Berlin","Beesands Management GmbH, Berlin (Amtsgericht Charlottenburg, HRB 141679 B)",company,Persönlich haftender Gesellschafter,2016-11-15,,,,,,,1,,,Berlin (Charlottenburg),HRA,Berlin,52867,Berlin (Charlottenburg) HRA 52867,Berlin,,,true,true,true,false,true,true,true,,,,,,,,,,,,,,,,,,,,,,,,,,,,
Moav Residential GmbH & Co. KG,62581,2017-06-15T17:40:25Z,F1103R_HRA52906,de/F1103R_HRA52906,currently registered,de,"c/o Berlin Aspire Real Estate GmbH, Friedrichstraße 81, 10117 Berlin",c/o Berlin Aspire Real Estate GmbH,Friedrichstraße,15,"81, 10117 Berlin","Beesands Management GmbH, Berlin (Amtsgericht Charlottenburg, HRB 141679 B)",company,Persönlich haftender Gesellschafter,2016-11-23,,,,,,,1,,,Berlin (Charlottenburg),HRA,Berlin,52906,Berlin (Charlottenburg) HRA 52906,Berlin,,,true,true,true,false,true,true,true,,,,,,,,,,,,,,,,,,,,,,,,,,,,
Alon Residential GmbH & Co. KG,62651,2017-06-15T18:14:55Z,F1103R_HRA52949,de/F1103R_HRA52949,currently registered,de,"c/o Berlin Aspire Real Estate GmbH, Friedrichstraße 81, 10117 Berlin",c/o Berlin Aspire Real Estate GmbH,Friedrichstraße,15,"81, 10117 Berlin","Beesands Management GmbH, Berlin (Amtsgericht Charlottenburg, HRB 141679 B)",company,Persönlich haftender Gesellschafter,2016-12-05,,,,,,,1,,,Berlin (Charlottenburg),HRA,Berlin,52949,Berlin (Charlottenburg) HRA 52949,Berlin,,,true,true,true,false,true,true,true,,,,,,,,,,,,,,,,,,,,,,,,,,,,
Quartier 1 Lebensraum GmbH & Co. KG,62899,2018-07-27T10:33:41Z,F1103R_HRA53143,de/F1103R_HRA53143,currently registered,de,"c/o Berlin Aspire Real Estate GmbH, Friedrichstraße 82, 10117 Berlin",c/o Berlin Aspire Real Estate GmbH,Friedrichstraße,15,"82, 10117 Berlin","Beesands Management GmbH, Berlin (Amtsgericht Charlottenburg, HRB 141679 B)",company,Persönlich haftender Gesellschafter,2017-01-20,,,,,,,1,,,Berlin (Charlottenburg),HRA,Berlin,53143,Berlin (Charlottenburg) HRA 53143,Berlin,,,true,true,true,false,true,true,true,,,,,,,,,,,,,,,,,,,,,,,,,,,,
Skyflower Group GmbH,62956,2017-06-15T21:20:57Z,F1103R_HRB154988,de/F1103R_HRB154988,currently registered,de,"c/o Lagrande Group GmbH, Knesebeckstraße 35-37, 10623 Berlin",c/o Lagrande Group GmbH,Knesebeckstraße,15,"35-37, 10623 Berlin",Artur Litvin,person,Geschäftsführer,2013-12-19,,Litvin,Artur,Berlin,,,1,,,Berlin (Charlottenburg),HRB,Berlin,154988,Berlin (Charlottenburg) HRB 154988,Berlin,,,true,true,true,false,true,true,true,,,,Skyflower Real Estate GmbH,,,,,,,,,,,,,,,,,,,,,,,,
Consulted EUCoSAF GmbH,62998,2017-06-15T21:51:14Z,F1103R_HRB155015,de/F1103R_HRB155015,removed,de,"c/o Doctor Alexander Kaulfersch, Flottwellstraße 14, 10785 Berlin",c/o Doctor Alexander Kaulfersch,Flottwellstraße,15,"14, 10785 Berlin",Minu Chawla,person,Geschäftsführer,2013-12-20,2014-09-08,Chawla,Minu,Berlin,,true,1,,,Berlin (Charlottenburg),HRB,Berlin,155015,Berlin (Charlottenburg) HRB 155015,Berlin,,,false,true,true,false,false,true,true,,,,RoadsWellTraveled GmbH,,,,,,,,,,,,,,,,,,,,,,,,
,,,,,,,,,,0,,Sebastian Sager,person,Geschäftsführer,2013-12-20,2014-09-08,Sager,Sebastian,Berlin,,true,2,,,,,,,,,,,,,,,,,,,,,,,,,,,,,,,,,,,,,,,,,,,,,
,,,,,,,,,,0,,Alexander Doctor Kaulfersch,person,Liquidator,2015-04-28,,Doctor Kaulfersch,Alexander,Berlin,,,,,,,,,,,,,,,,,,,,,,,,,,,,,,,,,,,,,,,,,,,,,,,,
,,,,,,,,,,0,,Alexander Dr. Kaulfersch,person,Geschäftsführer,2014-09-08,,Dr. Kaulfersch,Alexander,Berlin,,,3,,,,,,,,,,,,,,,,,,,,,,,,,,,,,,,,,,,,,,,,,,,,,
Energy One Solutions GmbH & Co. KG,63056,2018-07-27T10:39:22Z,F1103R_HRA53263,de/F1103R_HRA53263,removed,de,"c/o Mario Kohle, Krausnickstraße 12, 10115 Berlin",c/o Mario Kohle,Krausnickstraße,15,"12, 10115 Berlin","Energy One Verwaltung GmbH, Berlin (Amtsgericht Charlottenburg, HRB 184043 B)",company,Persönlich haftender Gesellschafter,2017-02-22,,,,,,,1,,,Berlin (Charlottenburg),HRA,Berlin,53263,Berlin (Charlottenburg) HRA 53263,Berlin,,,false,true,true,false,false,true,true,,,,,,,,,,,,,,,,,,,,,,,,,,,,
M'vest Hotel Representation e. K.,63272,2017-06-16T00:31:52Z,F1103R_HRA53389,de/F1103R_HRA53389,currently registered,de,"c/o Marie-Rose Astou Vesterling, Tirschenreuther Ring 12, 12279 Berlin",c/o Marie-Rose Astou Vesterling,Tirschenreuther,15,"Ring 12, 12279 Berlin",Marie-Rose Astou Vesterling,person,Inhaber,2017-03-23,,Vesterling,Marie-Rose Astou,Berlin,,,1,,,Berlin (Charlottenburg),HRA,Berlin,53389,Berlin (Charlottenburg) HRA 53389,Berlin,,,true,true,false,false,true,true,true,,,,,,,,,,,,,,,,,,,,,,,,,,,,
ecclesiastes 9:10 UG (haftungsbeschränkt),63875,2017-06-16T09:34:16Z,F1103R_HRB155396,de/F1103R_HRB155396,currently registered,de,"c/o Victor Brade, Steinmetzstraße 21, 12207 Berlin",c/o Victor Brade,Steinmetzstraße,15,"21, 12207 Berlin",Victor Brade,person,Geschäftsführer,2014-01-13,,Brade,Victor,Berlin,,,1,,,Berlin (Charlottenburg),HRB,Berlin,155396,Berlin (Charlottenburg) HRB 155396,Berlin,,,true,true,true,false,true,true,true,,,,,,,,,,,,,,,,,,,,,,,,,,,,
Bambino 126. V V UG (haftungsbeschränkt),64208,2017-06-16T22:24:57Z,F1103R_HRB155826,de/F1103R_HRB155826,removed,de,"c/o VRB Vorratsgesellschaften GmbH, Friedrichstraße 133, 10117 Berlin",c/o VRB Vorratsgesellschaften GmbH,Friedrichstraße,15,"133, 10117 Berlin",Antje Borcherdt,person,Geschäftsführer,2014-01-28,,Borcherdt,Antje,Berlin,,,1,,,Berlin (Charlottenburg),HRB,Berlin,155826,Berlin (Charlottenburg) HRB 155826,Eschborn,,,false,true,true,false,false,true,true,,,,,,,,,,,,,,,,,,,,,,,,,,,,
Oliver Timm Beteiligungsgesellschaft UG (haftungsbeschränkt),64210,2017-06-16T22:36:46Z,F1103R_HRB155833,de/F1103R_HRB155833,currently registered,de,"c/o Oliver Timm, Oberspreestraße 34, 12439 Berlin",c/o Oliver Timm,Oberspreestraße,15,"34, 12439 Berlin",Oliver Timm,person,Geschäftsführer,2014-01-29,,Timm,Oliver,Berlin,,,1,,,Berlin (Charlottenburg),HRB,Berlin,155833,Berlin (Charlottenburg) HRB 155833,Berlin,,,true,true,true,false,true,true,true,,,,,,,,,,,,,,,,,,,,,,,,,,,,
JAK Complex Bau GmbH,65110,2017-06-17T17:19:42Z,F1103R_HRB156314,de/F1103R_HRB156314,removed,de,"c/o Badziag, Hardenbergplatz 2, 10623 Berlin",c/o Badziag,Hardenbergplatz,15,"2, 10623 Berlin",Oskar Drozdowski,person,Geschäftsführer,2014-02-15,,Drozdowski,Oskar,Koscierzyna/Polen,,,1,,,Berlin (Charlottenburg),HRB,Berlin,156314,Berlin (Charlottenburg) HRB 156314,Berlin,,,false,false,false,false,false,false,false,true,true,,,,,,,,,,,,,,,,,,,,,,,,,,
Belmond Capital UG (haftungsbeschränkt),65233,2017-06-17T19:34:01Z,F1103R_HRB156383,de/F1103R_HRB156383,currently registered,de,"c/o Doctor Matthias Knecht, Kreuzbergstraße 8, 10965 Berlin",c/o Doctor Matthias Knecht,Kreuzbergstraße,15,"8, 10965 Berlin",Matthias Dr. Knecht,person,Geschäftsführer,2014-02-18,,Dr. Knecht,Matthias,Berlin,,,1,,,Berlin (Charlottenburg),HRB,Berlin,156383,Berlin (Charlottenburg) HRB 156383,Berlin,,,false,false,false,false,false,false,false,true,true,,,,,,,,,,,,,,,,,,,,,,,,,,
DeHabitat Development GmbH,65261,2017-06-17T19:56:59Z,F1103R_HRB156401,de/F1103R_HRB156401,currently registered,de,"c/o Steuerkontor Fischer, Knesebeckstraße 32, 10623 Berlin",c/o Steuerkontor Fischer,Knesebeckstraße,15,"32, 10623 Berlin",David Amsalem,person,Geschäftsführer,2014-02-19,,Amsalem,David,Modiin/Israel,,,1,,,Berlin (Charlottenburg),HRB,Berlin,156401,Berlin (Charlottenburg) HRB 156401,Berlin,,,false,false,false,false,false,false,false,true,true,,,,,,,,,,,,,,,,,,,,,,,,,,
,,,,,,,,,,0,,Lior Ben Naim,person,Geschäftsführer,2014-02-19,,Naim,Lior Ben,Ramat Raziel/Israel,,,2,,,,,,,,,,,,,,,,,,,,,,,,,,,,,,,,,,,,,,,,,,,,,
CHHI Holdings GmbH,65441,2017-06-17T23:29:15Z,F1103R_HRB156495,de/F1103R_HRB156495,currently registered,de,"c/o Steuerberater Christian Fischer, Knesebeckstraße 32, 10623 Berlin",c/o Steuerberater Christian Fischer,Knesebeckstraße,15,"32, 10623 Berlin",Antje Borcherdt,person,Geschäftsführer,2014-02-21,2014-04-17,Borcherdt,Antje,Berlin,,true,1,,,Berlin (Charlottenburg),HRB,Berlin,156495,Berlin (Charlottenburg) HRB 156495,Berlin,,,false,false,false,false,false,false,false,true,true,,Brillant 1840. GmbH,,,,,,,,,,,,,,,,,,,,,,,,
,,,,,,,,,,0,,Chaim Drexler,person,Geschäftsführer,2014-04-17,,Drexler,Chaim,Jerusalem/Israel,,,2,,,,,,,,,,,,,,,,,,,,,,,,,,,,,,,,,,,,,,,,,,,,,
,,,,,,,,,,0,,Jonathan Hillel Steinberger,person,Geschäftsführer,2014-04-17,,Steinberger,Jonathan Hillel,Jerusalem/Israel,,,3,,,,,,,,,,,,,,,,,,,,,,,,,,,,,,,,,,,,,,,,,,,,,
JNR Development GmbH,67033,2017-06-19T02:07:49Z,F1103R_HRB156992,de/F1103R_HRB156992,currently registered,de,"c/o BenBau Management GmbH, Pistoriusstraße 138, 13086 Berlin",c/o BenBau Management GmbH,Pistoriusstraße,15,"138, 13086 Berlin",John Ryan,person,Geschäftsführer,2014-03-13,,Ryan,John,Dublin/Irland,,,1,,,Berlin (Charlottenburg),HRB,Berlin,156992,Berlin (Charlottenburg) HRB 156992,Berlin,,,false,false,false,false,false,false,false,true,true,,,,,,,,,,,,,,,,,,,,,,,,,,
NEONHEALTH Media UG (haftungsbeschränkt),67489,2017-06-19T10:02:01Z,F1103R_HRB157166,de/F1103R_HRB157166,currently registered,de,"c/o Doctor Ralph Kray, Herrfurthstraße 3, 12049 Berlin",c/o Doctor Ralph Kray,Herrfurthstraße,15,"3, 12049 Berlin",Ralph Dr. Kray,person,Geschäftsführer,2014-03-19,,Dr. Kray,Ralph,Berlin,,,1,,,Berlin (Charlottenburg),HRB,Berlin,157166,Berlin (Charlottenburg) HRB 157166,Berlin,,,true,true,true,false,true,true,true,,,,,,,,,,,,,,,,,,,,,,,,,,,,
Brillant 1856. GmbH,67813,2017-06-19T15:53:02Z,F1103R_HRB157319,de/F1103R_HRB157319,removed,de,"c/o VRB Vorratsgesellschaften GmbH, Friedrichstraße 133, 10117 Berlin",c/o VRB Vorratsgesellschaften GmbH,Friedrichstraße,15,"133, 10117 Berlin",Julia Vieth,person,Geschäftsführer,2014-03-26,,Vieth,Julia,Berlin,,,1,,,Berlin (Charlottenburg),HRB,Berlin,157319,Berlin (Charlottenburg) HRB 157319,Dresden,,,false,true,true,false,false,true,true,,,,,,,,,,,,,,,,,,,,,,,,,,,,
Solarstrom Lohgerbe RMG Risk Management GmbH & Co. KG,91023,2018-07-27T23:24:35Z,B1204_HRA630978,de/B1204_HRA630978,currently registered,de,"c/o Energo Verwaltungs GmbH, Friedrichstraße 11, 75180 Pforzheim.",c/o Energo Verwaltungs GmbH,Friedrichstraße,15,"11, 75180 Pforzheim.","RMG Risk Management GmbH, Karlsruhe (Amtsgericht Karlsruhe HRB 6799).",company,Persönlich haftender Gesellschafter,,2015-01-23,,,,,true,,,,Freiburg,HRA,Baden-Württemberg,630978,Freiburg HRA 630978,Bad Säckingen,,,true,true,true,true,true,true,true,,,,,,,,,,,,,,,,,,,,,,,,,,,,
,,,,,,,,,,0,,"Energo Verwaltungs GmbH, Pforzheim (Amtsgericht Mannheim HRB 717500).",company,Persönlich haftender Gesellschafter,2015-01-23,,,,,,,,,,,,,,,,,,,,,,,,,,,,,,,,,,,,,,,,,,,,,,,,,,,,
,,,,,,,,,,0,,"Energo Verwaltungs GmbH, Pforzheim (Amtsgericht Mannheim HRB 717550).",company,Persönlich haftender Gesellschafter,2018-09-11,,,,,,,,,,,,,,,,,,,,,,,,,,,,,,,,,,,,,,,,,,,,,,,,,,,,
Baubetreuungsgesellschaft mit beschränkter Haftung & Co. KG,94721,2018-07-28T00:59:01Z,B1204_HRA702596,de/B1204_HRA702596,currently registered,de,"c/o Rechtsanwältin Ilse Schünemann, Kaagangerstraße 22, 82279 Eching.",c/o Rechtsanwältin Ilse Schünemann,Kaagangerstraße,15,"22, 82279 Eching.",Klaus : Eppinger,person,Liquidator,,2011-11-02,: Eppinger,Klaus,Villingen,,true,,Rechtsanwalt,,Freiburg,HRA,Baden-Württemberg,702596,Freiburg HRA 702596,Villingen-Schwenningen,,,true,true,true,false,true,true,true,,,,,,,,,,,,,,,,,,,,,,,,,,,,
PSIORI GmbH & Co. KG,96326,2018-07-28T01:44:45Z,B1204_HRA704349,de/B1204_HRA704349,removed,de,"c/o 5D Lab, Schnewlinstraße 6, 79098 Freiburg im Breisgau.",c/o 5D Lab,Schnewlinstraße,15,"6, 79098 Freiburg im Breisgau.","Psiori Verwaltungs GmbH, Wilhelmshaven (Amtsgericht Oldenburg HRB 209473).",company,Persönlich haftender Gesellschafter,2015-11-11,,,,,,,,,,Freiburg,HRA,Baden-Württemberg,704349,Freiburg HRA 704349,Wilhelmshaven (Amtsgericht Oldenburg HRA 205951),,,false,true,false,false,false,true,true,,,,,,,,,,,,,,,,,,,,,,,,,,,,
