_ - name,_ - _line,_ - retrieved_at,_ - company_number,cp_number_wikidata,_ - current_status,_ - jurisdiction_code,_ - registered_address,street,postal_code,length_str,_ - registered_address 2 2,_ - officers - _ - name,_ - officers - _ - type,_ - officers - _ - position,_ - officers - _ - start_date,_ - officers - _ - end_date,_ - officers - _ - other_attributes - lastname,_ - officers - _ - other_attributes - firstname,_ - officers - _ - other_attributes - city,_ - officers - _ - other_attributes - flag,_ - officers - _ - other_attributes - dismissed,_ - officers - _ - other_attributes - reference_no,_ - officers - _ - other_attributes - title,_ - officers - _ - other_attributes - maidenname,_ - all_attributes - registrar,_ - all_attributes - _registerArt,_ - all_attributes - federal_state,_ - all_attributes - _registerNummer,_ - all_attributes - native_company_number,_ - all_attributes - registered_office,_ - all_attributes - former_registrar,_ - all_attributes - _registerNummerSuffix,_ - all_attributes - additional_data - AD,_ - all_attributes - additional_data - CD,_ - all_attributes - additional_data - DK,_ - all_attributes - additional_data - HD,_ - all_attributes - additional_data - SI,_ - all_attributes - additional_data - UT,_ - all_attributes - additional_data - VÖ,_ - all_attributes - additional_data - ,_ - all_attributes - additional_data - Status information,_ - all_attributes - additional_data - Note:,_ - previous_names - _ - company_name,_ - subsequent_registrations - _ - data_type,_ - subsequent_registrations - _ - confidence,_ - subsequent_registrations - _ - source_url,_ - subsequent_registrations - _ - start_date,_ - subsequent_registrations - _ - retrieved_at,_ - subsequent_registrations - _ - start_date_type,_ - subsequent_registrations - _ - publication_date,_ - subsequent_registrations - _ - subsequent_registration_start_date,_ - subsequent_registrations - _ - previous_entity - entity_type,_ - subsequent_registrations - _ - previous_entity - entity_properties - company_number,_ - subsequent_registrations - _ - previous_entity - entity_properties - jurisdiction_code,_ - subsequent_registrations - _ - subsequent_entity - entity_type,_ - subsequent_registrations - _ - subsequent_entity - entity_properties - company_number,_ - subsequent_registrations - _ - subsequent_entity - entity_properties - jurisdiction_code,_ - alternate_registrations - _ - data_type,_ - alternate_registrations - _ - confidence,_ - alternate_registrations - _ - source_url,_ - alternate_registrations - _ - start_date,_ - alternate_registrations - _ - sample_date,_ - alternate_registrations - _ - retrieved_at,_ - alternate_registrations - _ - start_date_type,_ - alternate_registrations - _ - alternate_entities - _ - entity_type,_ - alternate_registrations - _ - alternate_entities - _ - entity_properties - company_number,_ - alternate_registrations - _ - alternate_entities - _ - entity_properties - jurisdiction_code
HeMi Flachdachsanierung UG (haftungsbeschränkt),4669,2018-11-01T14:18:09Z,D2601V_HRB223633,de/D2601V_HRB223633,currently registered,de,"Auf der Insel 3, RgB., 82140 Olching.",Auf der Insel 3,"RgB.,",5,82140 Olching.,Sieber Helmut,person,Geschäftsführer,2016-02-08,,Helmut,Sieber,Gröbenzell,,,,,,München,HRB,Bavaria,223633,München HRB 223633,Olching,,,true,true,true,false,true,true,true,,,,,,,,,,,,,,,,,,,,,,,,,,,,
Traydon GmbH,6518,2018-07-25T16:35:56Z,R3306_HRB70932,de/R3306_HRB70932,currently registered,de,"Doctor-Gottfried-Cremer-Allee 20, Halle 7, 50226 Frechen.",Doctor-Gottfried-Cremer-Allee 20,Halle,5,"7, 50226 Frechen.",Nikita Nagel,person,Geschäftsführer,,2018-02-02,Nagel,Nikita,Frechen,,true,,,,Köln,HRB,North Rhine-Westphalia,70932,Köln HRB 70932,Köln,,,true,true,true,false,true,true,true,,,,Triadon GmbH,,,,,,,,,,,,,,,,,,,,,,,,
,,,,,,,,,,0,,Dimitrij Nagel,person,Geschäftsführer,2013-05-14,,Nagel,Dimitrij,Frechen,einzelvertretungsberechtigt mit der Befugnis im Namen der Gesellschaft mit sich im eigenen Namen oder als Vertreter eines Dritten Rechtsgeschäfte abzuschließen,,,,,,,,,,,,,,,,,,,,,,,,,,,,,,,,,,,,,,,,,,,,,,,
,,,,,,,,,,0,,Nikita Nagel,person,Geschäftsführer,2014-12-18,,Nagel,Nikita,Frechen,einzelvertretungsberechtigt mit der Befugnis im Namen der Gesellschaft mit sich im eigenen Namen oder als Vertreter eines Dritten Rechtsgeschäfte abzuschließen,,,,,,,,,,,,,,,,,,,,,,,,,,,,,,,,,,,,,,,,,,,,,,,
,,,,,,,,,,0,,Nikita Nagel,person,Geschäftsführer,2012-10-31,,Nagel,Nikita,Köln,mit der Befugnis im Namen der Gesellschaft mit sich im eigenen Namen oder als Vertreter eines Dritten Rechtsgeschäfte abzuschließen,,,,,,,,,,,,,,,,,,,,,,,,,,,,,,,,,,,,,,,,,,,,,,,
,,,,,,,,,,0,,Nikita Nagel,person,Geschäftsführer,2010-11-30,,Nagel,Nikita,Lindlar,mit der Befugnis im Namen der Gesellschaft mit sich im eigenen Namen oder als Vertreter eines Dritten Rechtsgeschäfte abzuschließen,,,,,,,,,,,,,,,,,,,,,,,,,,,,,,,,,,,,,,,,,,,,,,,
Gammachim GmbH,6837,2018-11-09T16:56:40Z,D3310V_HRB26866,de/D3310V_HRB26866,currently registered,de,"Rothenburger Straße 243, 2.OG, Zimmer 7+8, 90439 Nürnberg.",Rothenburger Straße 243,"2.OG,",5,"Zimmer 7+8, 90439 Nürnberg.",Eduard Rimmer,person,Geschäftsführer,,2018-02-06,Rimmer,Eduard,Nürnberg,,true,,,,Nürnberg,HRB,Bavaria,26866,Nürnberg HRB 26866,Nürnberg,,,true,true,true,false,true,true,false,,,,,,,,,,,,,,,,,,,,,,,,,,,,
,,,,,,,,,,0,,Eduard Rimmer,person,Geschäftsführer,2010-09-29,,Rimmer,Eduard,Nürnberg,sole representation,,,,,,,,,,,,,,,,,,,,,,,,,,,,,,,,,,,,,,,,,,,,,,,
,,,,,,,,,,0,,Evgeny Vitaljewitsch Goncharenko,person,Geschäftsführer,2018-02-06,,Goncharenko,Evgeny Vitaljewitsch,Moskau / Russische Föderation,,,,,,,,,,,,,,,,,,,,,,,,,,,,,,,,,,,,,,,,,,,,,,,,
Fokus Steuerberatungsgesellschaft mbH,15811,2017-06-19T08:22:43Z,K1101R_HRB95089,de/K1101R_HRB95089,currently registered,de,"Albert-Schweitzer-Ring 22, Hanse Hof Wandsbek /Hs.",Albert-Schweitzer-Ring 22,Hanse,5,Hof Wandsbek /Hs.,Maja Güsmer,person,Geschäftsführer,,2007-12-11,Güsmer,Maja,Hamburg,,true,,,,Hamburg,HRB,Hamburg,95089,Hamburg HRB 95089,Hamburg,,,true,true,true,false,true,true,true,,,,,,,,,,,,,,,,,,,,,,,,,,,,
,,,,,,,,,,0,,Manuel Goldberg,person,Geschäftsführer,,2008-12-23,Goldberg,Manuel,Hamburg,,true,,,,,,,,,,,,,,,,,,,,,,,,,,,,,,,,,,,,,,,,,,,,,,
,,,,,,,,,,0,,Maja Güsmer,person,Geschäftsführer,2007-11-26,,Güsmer,Maja,Hamburg,sole representation,,,,,,,,,,,,,,,,,,,,,,,,,,,,,,,,,,,,,,,,,,,,,,,
,,,,,,,,,,0,,Manuel Goldberg,person,Geschäftsführer,2007-12-04,,Goldberg,Manuel,Hamburg,sole representation,,,,,,,,,,,,,,,,,,,,,,,,,,,,,,,,,,,,,,,,,,,,,,,
MC - Reederei - Beteiligungs GmbH,16074,2017-06-19T12:51:09Z,K1101R_HRB94949,de/K1101R_HRB94949,currently registered,de,"Gasstraße 4 b, Halle K 5, 22761 Hamburg.",Gasstraße 4 b,Halle,5,"K 5, 22761 Hamburg.",Jörg Heiner Wulff,person,Geschäftsführer,,2008-07-14,Wulff,Jörg Heiner,Seevetal,,true,,,,Hamburg,HRB,Hamburg,94949,Hamburg HRB 94949,Hamburg,,,true,true,true,false,true,true,true,,,,Ownership Fünfte Verwaltung GmbH,,,,,,,,,,,,,,,,,,,,,,,,
,,,,,,,,,,0,,Axel Steffen,person,Geschäftsführer,,2009-05-08,Steffen,Axel,Hamburg,,true,,,,,,,,,,,,,,,,,,,,,,,,,,,,,,,,,,,,,,,,,,,,,,
,,,,,,,,,,0,,Jan-Gerd Bartels,person,Geschäftsführer,,2016-01-12,Bartels,Jan-Gerd,Scharbeutz,,true,,,,,,,,,,,,,,,,,,,,,,,,,,,,,,,,,,,,,,,,,,,,,,
,,,,,,,,,,0,,Axel Steffen,person,Geschäftsführer,2008-07-14,,Steffen,Axel,Hamburg,sole representation,,,,,,,,,,,,,,,,,,,,,,,,,,,,,,,,,,,,,,,,,,,,,,,
GLD Green Living Development Verwaltungs GmbH,27477,2017-06-26T16:40:05Z,K1101R_HRB114371,de/K1101R_HRB114371,currently registered,de,"Hongkongstraße 10a, 5.OG, 20457 Hamburg.",Hongkongstraße 10a,"5.OG,",5,20457 Hamburg.,Günter Adolf Krause,person,Geschäftsführer,2010-07-09,,Krause,Günter Adolf,Hamburg,,,,,,Hamburg,HRB,Hamburg,114371,Hamburg HRB 114371,Hamburg,,,true,true,true,false,true,true,true,,,,,,,,,,,,,,,,,,,,,,,,,,,,
RGR Vermögensverwaltungs GmbH,28569,2017-06-27T04:46:19Z,K1101R_HRB114933,de/K1101R_HRB114933,removed,de,"c/o Rechtsanwälte Toft Fricke, Neuer Wall 35, 20354 Hamburg.",c/o Rechtsanwälte Toft Fricke,Neuer,5,"Wall 35, 20354 Hamburg.",Rainer Gruhlke,person,Geschäftsführer,2010-08-23,,Gruhlke,Rainer,Flensburg,sole representation,,,,,Hamburg,HRB,Hamburg,114933,Hamburg HRB 114933,Hamburg,,,false,true,true,false,false,true,true,,,,,,,,,,,,,,,,,,,,,,,,,,,,
,,,,,,,,,,0,,Rainer Gruhlke,person,Liquidator,2013-08-27,,Gruhlke,Rainer,Flensburg,sole representation,,,,,,,,,,,,,,,,,,,,,,,,,,,,,,,,,,,,,,,,,,,,,,,
HAN Technik UG (haftungsbeschränkt),28983,2017-06-27T09:52:15Z,K1101R_HRB115226,de/K1101R_HRB115226,removed,de,"c/o Huth Dietrich Hahn, Neuer Jungfernstieg 17, 20354 Hamburg.",c/o Huth Dietrich Hahn,Neuer,5,"Jungfernstieg 17, 20354 Hamburg.",Christian Wiedemann,person,Geschäftsführer,,2011-02-01,Wiedemann,Christian,Hamburg,,true,,,,Hamburg,HRB,Hamburg,115226,Hamburg HRB 115226,Hamburg,,,false,true,true,false,false,true,true,,,,,,,,,,,,,,,,,,,,,,,,,,,,
,,,,,,,,,,0,,Christian Wiedemann,person,Geschäftsführer,2010-09-19,,Wiedemann,Christian,Hamburg,vertretungsberechtigt gemäß allgemeiner Vertretungsregelung,,,,,,,,,,,,,,,,,,,,,,,,,,,,,,,,,,,,,,,,,,,,,,,
,,,,,,,,,,0,,QI HE,person,Liquidator,2011-05-09,,HE,QI,Hong Kong,sole representation,,,,,,,,,,,,,,,,,,,,,,,,,,,,,,,,,,,,,,,,,,,,,,,
,,,,,,,,,,0,,QI HE,person,Geschäftsführer,2011-02-01,,HE,QI,Hong Kong,vertretungsberechtigt gemäß allgemeiner Vertretungsregelung,,,,,,,,,,,,,,,,,,,,,,,,,,,,,,,,,,,,,,,,,,,,,,,
VIGA Vermögensanlagen GmbH,30453,2017-06-28T03:24:08Z,K1101R_HRB87107,de/K1101R_HRB87107,removed,de,"c/o ARISTA Consulting GmbH, Große Bleichen 23-27, 20354 Hamburg.",c/o ARISTA Consulting GmbH,Große,5,"Bleichen 23-27, 20354 Hamburg.",Christian Bock,person,Geschäftsführer,,2007-08-09,Bock,Christian,Hamburg,,true,,,,Hamburg,HRB,Hamburg,87107,Hamburg HRB 87107,Hamburg,,,false,true,true,false,false,true,true,,,,,,,,,,,,,,,,,,,,,,,,,,,,
,,,,,,,,,,0,,Olaf Güllich,person,Geschäftsführer,2007-08-09,,Güllich,Olaf,Hamburg,sole representation,,,,,,,,,,,,,,,,,,,,,,,,,,,,,,,,,,,,,,,,,,,,,,,
,,,,,,,,,,0,,Olaf Güllich,person,Liquidator,2010-03-25,,Güllich,Olaf,Hamburg,sole representation,,,,,,,,,,,,,,,,,,,,,,,,,,,,,,,,,,,,,,,,,,,,,,,
Campus Futura GmbH & Co. KG,30687,2018-11-02T14:27:55Z,K1101R_HRA116396,de/K1101R_HRA116396,currently registered,de,"Hongkongstraße 10a, 5.OG, 20457 Hamburg.",Hongkongstraße 10a,"5.OG,",5,20457 Hamburg.,"Campus Futura Verwaltungs GmbH, Hamburg (Amtsgericht Hamburg HRB 128089).",company,Persönlich haftender Gesellschafter,2013-07-25,,,,,,,,,,Hamburg,HRA,Hamburg,116396,Hamburg HRA 116396,Hamburg,,,true,true,true,false,true,true,true,,,,,,,,,,,,,,,,,,,,,,,,,,,,
,,,,,,,,,,0,,"ZEUS Verwaltungs GmbH, Hamburg (Amtsgericht Hamburg HRB 128047).",company,Persönlich haftender Gesellschafter,2018-07-03,,,,,,,,,,,,,,,,,,,,,,,,,,,,,,,,,,,,,,,,,,,,,,,,,,,,
,,,,,,,,,,0,,"ZEUS Verwaltungs GmbH, Hamburg (Amtsgericht Hamburg HRB 128047).",company,Persönlich haftender Gesellschafter,2018-07-09,,,,,,,,,,,,,,,,,,,,,,,,,,,,,,,,,,,,,,,,,,,,,,,,,,,,
MarMalaita Schiffahrtsgesellschaft mbH & Co. KG,31684,2018-07-26T10:55:10Z,K1101R_HRA117092,de/K1101R_HRA117092,currently registered,de,"Gasstraße 4b, Halle K5, 22761 Hamburg.",Gasstraße 4b,Halle,5,"K5, 22761 Hamburg.","Safe Harbour Beteiligungs GmbH, Hamburg (Amtsgericht Hamburg HRB 126345).",company,Persönlich haftender Gesellschafter,2014-01-24,,,,,,,,,,Hamburg,HRA,Hamburg,117092,Hamburg HRA 117092,Hamburg,,,true,true,true,false,true,true,true,,,,,,,,,,,,,,,,,,,,,,,,,,,,
Pourkian Unternehmensberater GmbH,31855,2019-01-30T18:36:36Z,K1101R_HRB86323,de/K1101R_HRB86323,currently registered,de,"Karlstraße 1a, Villa Schöne Aussicht, 22085 Hamburg.",Karlstraße 1a,Villa,5,"Schöne Aussicht, 22085 Hamburg.",,,,,,,,,,,,,,Hamburg,HRB,Hamburg,86323,Hamburg HRB 86323,Hamburg,,,true,true,true,false,true,true,false,,,,"Pourkian GmbH Unternehmensberater Partner für Investoren, Manager und Unternehmer",,,,,,,,,,,,,,,,,,,,,,,,
UnikTruck Deutschland GmbH,33988,2017-06-30T00:20:49Z,K1101R_HRB118842,de/K1101R_HRB118842,removed,de,"c/o SIGMA - Kühne + Partner Steuerberatungsgesellschaft, Neuer Wall 26/28, 20354 Hamburg.",c/o SIGMA - Kühne + Partner Steuerberatungsgesellschaft,Neuer,5,"Wall 26/28, 20354 Hamburg.",Michael Laursen,person,Geschäftsführer,,2012-12-18,Laursen,Michael,Bad Rothenfelde,,true,,,,Hamburg,HRB,Hamburg,118842,Hamburg HRB 118842,Hamburg,,,false,true,true,false,false,true,true,,,,,,,,,,,,,,,,,,,,,,,,,,,,
,,,,,,,,,,0,,Michael Laursen,person,Geschäftsführer,2011-07-01,,Laursen,Michael,Bad Rothenfelde,sole representation,,,,,,,,,,,,,,,,,,,,,,,,,,,,,,,,,,,,,,,,,,,,,,,
,,,,,,,,,,0,,Michael Laursen,person,Liquidator,2012-12-18,,Laursen,Michael,Beder,sole representation,,,,,,,,,,,,,,,,,,,,,,,,,,,,,,,,,,,,,,,,,,,,,,,
DEPOSITAS GmbH,34317,2017-06-30T04:02:01Z,K1101R_HRB119055,de/K1101R_HRB119055,currently registered,de,"Kaiserkai 1, Regus Hamburg Hafencity, 20457 Hamburg.",Kaiserkai 1,Regus,5,"Hamburg Hafencity, 20457 Hamburg.",Anatoly Tregub,person,Geschäftsführer,,2013-04-09,Tregub,Anatoly,Buchholz,,true,,,,Hamburg,HRB,Hamburg,119055,Hamburg HRB 119055,Hamburg,,,true,true,true,false,true,true,true,,,,Security Depot KT Hamburg GmbH,,,,,,,,,,,,,,,,,,,,,,,,
,,,,,,,,,,0,,Anatoly Tregub,person,Geschäftsführer,2011-12-14,,Tregub,Anatoly,Buchholz,,,,,,,,,,,,,,,,,,,,,,,,Security Depot KT Hamburg UG (haftungsbeschränkt),,,,,,,,,,,,,,,,,,,,,,,,
,,,,,,,,,,0,,Nicole von Kiwa,person,Geschäftsführer,2011-12-14,,von Kiwa,Nicole,Buchholz,sole representation,,,,,,,,,,,,,,,,,,,,,,,,,,,,,,,,,,,,,,,,,,,,,,,
,,,,,,,,,,0,,Nicole von Kiwa,person,Liquidator,2016-03-14,,von Kiwa,Nicole,Buchholz,sole representation,,,,,,,,,,,,,,,,,,,,,,,,,,,,,,,,,,,,,,,,,,,,,,,
,,,,,,,,,,0,,Nicole von Kiwa,person,Geschäftsführer,2011-07-18,,von Kiwa,Nicole,Buchholz,vertretungsberechtigt gemäß allgemeiner Vertretungsregelung,,,,,,,,,,,,,,,,,,,,,,,,,,,,,,,,,,,,,,,,,,,,,,,
Patria Porto Schiffahrtsgesellschaft UG (haftungsbeschränkt) & Co. KG,34564,2017-06-30T07:09:54Z,K1101R_HRA119235,de/K1101R_HRA119235,currently registered,de,"Gasstraße 4b, Halle K5, 22761 Hamburg.",Gasstraße 4b,Halle,5,"K5, 22761 Hamburg.","Patria Porto Verwaltung UG (haftungsbeschränkt), Hamburg (Amtsgericht Hamburg HRB 137867).",company,Persönlich haftender Gesellschafter,2015-08-25,,,,,,,,,,Hamburg,HRA,Hamburg,119235,Hamburg HRA 119235,Hamburg,,,true,true,true,false,true,true,true,,,,,,,,,,,,,,,,,,,,,,,,,,,,
Trinitel UG (haftungsbeschränkt),35817,2017-06-30T20:11:23Z,R1101_HRB69484,de/R1101_HRB69484,removed,de,"Neumannstraße 2, Halle 26 links, 40235 Düsseldorf.",Neumannstraße 2,Halle,5,"26 links, 40235 Düsseldorf.",Kai Volker Becker,person,Geschäftsführer,2013-01-25,,Becker,Kai Volker,Düsseldorf,einzelvertretungsberechtigt mit der Befugnis im Namen der Gesellschaft mit sich im eigenen Namen oder als Vertreter eines Dritten Rechtsgeschäfte abzuschließen,,,,,Düsseldorf,HRB,North Rhine-Westphalia,69484,Düsseldorf HRB 69484,Düsseldorf,,,false,true,true,false,false,true,true,,,,,,,,,,,,,,,,,,,,,,,,,,,,
Maturus Finance GmbH,38392,2017-06-18T18:51:11Z,K1101R_HRB95582,de/K1101R_HRB95582,currently registered,de,"Brodschrangen 3 - 5, ""Haus Cölln"", 20457 Hamburg.",Brodschrangen 3 - 5,"""Haus",5,"Cölln"", 20457 Hamburg.",Clemens Fritzen,person,Geschäftsführer,,2007-11-27,Fritzen,Clemens,Kastorf,,true,,,,Hamburg,HRB,Hamburg,95582,Hamburg HRB 95582,Hamburg,,,true,true,true,false,true,true,true,,,,,,,,,,,,,,,,,,,,,,,,,,,,
,,,,,,,,,,0,,Carl-Jan Freiherr von der Goltz,person,Geschäftsführer,2007-11-27,,Freiherr von der Goltz,Carl-Jan,Hamburg,sole representation,,,,,,,,,,,,,,,,,,,,,,,,,,,,,,,,,,,,,,,,,,,,,,,
,,,,,,,,,,0,,Carl-Jan Freiherr von der Goltz,person,Geschäftsführer,2014-03-03,,Freiherr von der Goltz,Carl-Jan,Hamburg,vertretungsberechtigt gemeinsam mit einem anderen Geschäftsführer oder einem Prokuristen,,,,,,,,,,,,,,,,,,,,,,,,,,,,,,,,,,,,,,,,,,,,,,,
,,,,,,,,,,0,,Christoph Kleinfeld,person,Geschäftsführer,2014-03-03,,Kleinfeld,Christoph,Wedel,vertretungsberechtigt gemeinsam mit einem anderen Geschäftsführer oder einem Prokuristen,,,,,,,,,,,,,,,,,,,,,,,,,,,,,,,,,,,,,,,,,,,,,,,
TDH - GmbH Technischer Dämmstoffhandel,39959,2018-07-26T18:12:45Z,K1101R_HRB72526,de/K1101R_HRB72526,currently registered,de,"Sternstraße 14, 00139 Dresden.",Sternstraße 14,00139,5,Dresden.,Marcus Werner,person,Geschäftsführer,2018-10-02,,Werner,Marcus,Westergellersen,sole representation,,,,,Hamburg,HRB,Hamburg,72526,Hamburg HRB 72526,Hamburg,,,true,true,true,true,true,true,true,,,,,,,,,,,,,,,,,,,,,,,,,,,,
Greenstar GmbH,40757,2017-07-03T21:17:07Z,K1101R_HRB124175,de/K1101R_HRB124175,currently registered,de,"Banksstraße 28, Stand 263, 20097 Hamburg.",Banksstraße 28,Stand,5,"263, 20097 Hamburg.",Medhat Mohamed Ibrahim Moustafa,person,Geschäftsführer,2012-08-21,,Moustafa,Medhat Mohamed Ibrahim,Wedel,sole representation,,,,,Hamburg,HRB,Hamburg,124175,Hamburg HRB 124175,Hamburg,,,true,true,true,false,true,true,true,,,,,,,,,,,,,,,,,,,,,,,,,,,,
fashn UG (haftungsbeschränkt),41076,2017-07-04T02:40:23Z,K1101R_HRB124491,de/K1101R_HRB124491,removed,de,"Dienerreihe 4, brand interactive GmbH, 20457 Hamburg.",Dienerreihe 4,brand,5,"interactive GmbH, 20457 Hamburg.",Felix Doctor Brosius,person,Geschäftsführer,,2014-08-18,Doctor Brosius,Felix,Hamburg,,true,,,,Hamburg,HRB,Hamburg,124491,Hamburg HRB 124491,Hamburg,,,false,true,true,false,false,true,true,,,,,,,,,,,,,,,,,,,,,,,,,,,,
,,,,,,,,,,0,,Arndt Doctor Roller,person,Liquidator,2014-08-18,,Doctor Roller,Arndt,Hamburg,sole representation,,,,,,,,,,,,,,,,,,,,,,,,,,,,,,,,,,,,,,,,,,,,,,,
,,,,,,,,,,0,,Felix Doctor Brosius,person,Geschäftsführer,2012-09-13,,Doctor Brosius,Felix,Hamburg,,,,,,,,,,,,,,,,,,,,,,,,,,,,,,,,,,,,,,,,,,,,,,,,
Schanzenbäckerei Randstraße GmbH,44169,2017-07-06T10:26:17Z,K1101R_HRB126436,de/K1101R_HRB126436,currently registered,de,"Lagerstraße 17, Halle G, 20357 Hamburg.",Lagerstraße 17,Halle,5,"G, 20357 Hamburg.",Gürol Gür,person,Geschäftsführer,2013-02-19,,Gür,Gürol,Hamburg,sole representation,,,,,Hamburg,HRB,Hamburg,126436,Hamburg HRB 126436,Hamburg,,,true,true,true,false,true,true,true,,,,,,,,,,,,,,,,,,,,,,,,,,,,
Campus Futura Verwaltungs GmbH,46186,2017-07-08T12:41:04Z,K1101R_HRB128089,de/K1101R_HRB128089,currently registered,de,"Hongkongstraße 10a, 5.OG, 20457 Hamburg.",Hongkongstraße 10a,"5.OG,",5,20457 Hamburg.,Günter Adolf Krause,person,Geschäftsführer,2013-07-04,,Krause,Günter Adolf,Hamburg,,,,,,Hamburg,HRB,Hamburg,128089,Hamburg HRB 128089,Hamburg,,,true,true,true,false,true,true,true,,,,,,,,,,,,,,,,,,,,,,,,,,,,
SIMPRO Solutions GmbH,49608,2019-01-30T18:16:33Z,K1101R_HRB132712,de/K1101R_HRB132712,currently registered,de,"Alter Wandrahm 11, Block W, 20457 Hamburg.",Alter Wandrahm 11,Block,5,"W, 20457 Hamburg.",Gerhard Schmid,person,Geschäftsführer,,2019-01-15,Schmid,Gerhard,Hamburg,,true,,,,Hamburg,HRB,Hamburg,132712,Hamburg HRB 132712,Hamburg,,,true,true,true,false,true,true,false,,,,,,,,,,,,,,,,,,,,,,,,,,,,
,,,,,,,,,,0,,Gerhard Schmid,person,Geschäftsführer,2014-07-21,,Schmid,Gerhard,Hamburg,sole representation,,,,,,,,,,,,,,,,,,,,,,,,,,,,,,,,,,,,,,,,,,,,,,,
,,,,,,,,,,0,,Volker Steinmetz,person,Geschäftsführer,2019-01-23,,Steinmetz,Volker,Hamburg,sole representation,,,,,,,,,,,,,,,,,,,,,,,,,,,,,,,,,,,,,,,,,,,,,,,
,,,,,,,,,,0,,Volker Steinmetz,person,Geschäftsführer,2019-01-15,,Steinmetz,Volker,Hamburg,vertretungsberechtigt gemäß allgemeiner Vertretungsregelung,,,,,,,,,,,,,,,,,,,,,,,,,,,,,,,,,,,,,,,,,,,,,,,
MarCourier Verwaltungs UG (haftungsbeschränkt),50943,2017-07-16T08:45:57Z,K1101R_HRB134992,de/K1101R_HRB134992,currently registered,de,"Gasstraße 4, Halle K5, 22761 Hamburg.",Gasstraße 4,Halle,5,"K5, 22761 Hamburg.",Matthias Dabelstein,person,Geschäftsführer,2015-01-23,,Dabelstein,Matthias,Hamburg,vertretungsberechtigt gemäß allgemeiner Vertretungsregelung,,,,,Hamburg,HRB,Hamburg,134992,Hamburg HRB 134992,Hamburg,,,true,true,true,false,true,true,true,,,,,,,,,,,,,,,,,,,,,,,,,,,,
Simcoe & Friends Handelsagentur GmbH,52403,2017-07-19T02:28:08Z,K1101R_HRB136809,de/K1101R_HRB136809,currently registered,de,"St. Annenufer 3, Block R 3, IV.",St. Annenufer 3,Block,5,"R 3, IV.",Dieter Kommerowski,person,Geschäftsführer,,2015-08-18,Kommerowski,Dieter,Hamburg,,true,,,,Hamburg,HRB,Hamburg,136809,Hamburg HRB 136809,Hamburg,,,true,true,true,false,true,true,true,,,,,,,,,,,,,,,,,,,,,,,,,,,,
,,,,,,,,,,0,,Dieter Kommerowski,person,Geschäftsführer,2015-06-02,,Kommerowski,Dieter,Hamburg,,,,,,,,,,,,,,,,,,,,,,,,,,,,,,,,,,,,,,,,,,,,,,,,
TRANSCAP Transport Capital (Europe) GmbH,54566,2019-01-31T06:10:06Z,K1101R_HRB139259,de/K1101R_HRB139259,currently registered,de,"Regus Center Spitalerhof, Kurze Mühren 1, 20095 Hamburg.",Regus Center Spitalerhof,Kurze,5,"Mühren 1, 20095 Hamburg.",Henrik Ulf Haeder,person,Geschäftsführer,2015-12-04,,Haeder,Henrik Ulf,Tornesch,sole representation,,,,,Hamburg,HRB,Hamburg,139259,Hamburg HRB 139259,Hamburg,,,true,true,true,false,true,true,false,,,,,,,,,,,,,,,,,,,,,,,,,,,,
,,,,,,,,,,0,,Thomas Oliver Faak,person,Geschäftsführer,2019-01-24,,Faak,Thomas Oliver,Hamburg,einzelvertretungsberechtigt mit der Befugnis im Namen der Gesellschaft mit sich im eigenen Namen oder als Vertreter eines Dritten Rechtsgeschäfte abzuschließen,,,,,,,,,,,,,,,,,,,,,,,,,,,,,,,,,,,,,,,,,,,,,,,
Hansa Sinometal GmbH,54615,2017-07-21T23:24:15Z,K1101R_HRB139356,de/K1101R_HRB139356,currently registered,de,"Doormannsweg 22, I.OG, Nr. 8, 20259 Hamburg.",Doormannsweg 22,"I.OG,",5,"Nr. 8, 20259 Hamburg.",,,,,,,,,,,,,,Hamburg,HRB,Hamburg,139356,Hamburg HRB 139356,Hamburg,,,true,true,true,false,true,true,true,,,,,,,,,,,,,,,,,,,,,,,,,,,,
Kolumbus Beteiligungsgesellschaft mbH,55378,2017-07-23T05:14:14Z,K1101R_HRB143821,de/K1101R_HRB143821,currently registered,de,"Brandstwiete 1, Neuer Dovenhof, 20457 Hamburg.",Brandstwiete 1,Neuer,5,"Dovenhof, 20457 Hamburg.",Katharina Lilienthal,person,Geschäftsführer,2016-11-15,,Lilienthal,Katharina,Hamburg,,,,,,Hamburg,HRB,Hamburg,143821,Hamburg HRB 143821,Hamburg,,,true,true,true,false,true,true,true,,,,,,,,,,,,,,,,,,,,,,,,,,,,
Projektgesellschaft Wittestraße 32 GmbH,59620,2017-06-14T15:25:29Z,F1103R_HRB153491,de/F1103R_HRB153491,currently registered,de,"Westhafenstraße 1, Halle 11 a, 13353 Berlin",Westhafenstraße 1,Halle,5,"11 a, 13353 Berlin",Manuela Königsfeld,person,Prokurist,2013-10-21,2014-07-21,Königsfeld,Manuela,Berlin,,true,1,,,Berlin (Charlottenburg),HRB,Berlin,153491,Berlin (Charlottenburg) HRB 153491,Berlin,,,true,true,true,false,true,true,true,,,,,,,,,,,,,,,,,,,,,,,,,,,,
,,,,,,,,,,0,,Thomas Dunkel,person,Geschäftsführer,2013-10-21,2014-07-21,Dunkel,Thomas,Berlin,,true,1,,,,,,,,,,,,,,,,,,,,,,,,,,,,,,,,,,,,,,,,,,,,,
,,,,,,,,,,0,,Jens-Nikolaus Janßen,person,Geschäftsführer,2013-10-21,,Janßen,Jens-Nikolaus,Berlin,,,2,,,,,,,,,,,,,,,,,,,,,,,,,,,,,,,,,,,,,,,,,,,,,
,,,,,,,,,,0,,Michael Lüken,person,Geschäftsführer,2013-10-21,,Lüken,Michael,München,,,3,,,,,,,,,,,,,,,,,,,,,,,,,,,,,,,,,,,,,,,,,,,,,
Beaufort 8 GmbH,59730,2017-07-04T14:16:58Z,K1101R_HRB125164,de/K1101R_HRB125164,currently registered,de,"Essener Straße 4, Valvo Park, Gebäude D3, 22419 Hamburg.",Essener Straße 4,Valvo,5,"Park, Gebäude D3, 22419 Hamburg.",Adelheid Fischer-Klages,person,Geschäftsführer,,2013-04-09,Fischer-Klages,Adelheid,Wohltorf,,true,,,,Hamburg,HRB,Hamburg,125164,Hamburg HRB 125164,Hamburg,,,true,true,true,false,true,true,true,,,,PENGETANK 323. Vermögensverwaltungsgesellschaft mbH,,,,,,,,,,,,,,,,,,,,,,,,
,,,,,,,,,,0,,Vakhtang Begashvili,person,Geschäftsführer,,2016-12-29,Begashvili,Vakhtang,München,,true,,,,,,,,,,,,,,,,,,,,,,,,,,,,,,,,,,,,,,,,,,,,,,
,,,,,,,,,,0,,Adelheid Fischer-Klages,person,Geschäftsführer,2012-11-13,,Fischer-Klages,Adelheid,Wohltorf,sole representation,,,,,,,,,,,,,,,,,,,,,,,,,,,,,,,,,,,,,,,,,,,,,,,
,,,,,,,,,,0,,Andreas Thomas,person,Geschäftsführer,2013-04-09,,Thomas,Andreas,Hamburg,sole representation,,,,,,,,,,,,,,,,,,,,,,,,,,,,,,,,,,,,,,,,,,,,,,,
,,,,,,,,,,0,,Andreas Thomas,person,Geschäftsführer,2015-10-07,,Thomas,Andreas,Hamburg,vertretungsberechtigt gemäß allgemeiner Vertretungsregelung,,,,,,,,,,,,,,,,,,,,,,,,,,,,,,,,,,,,,,,,,,,,,,,
,,,,,,,,,,0,,Vakhtang Begashvili,person,Geschäftsführer,2015-10-07,,Begashvili,Vakhtang,München,vertretungsberechtigt gemäß allgemeiner Vertretungsregelung,,,,,,,,,,,,,,,,,,,,,,,,,,,,,,,,,,,,,,,,,,,,,,,
Green Alley Investment GmbH,60232,2018-11-01T21:59:20Z,F1103R_HRB153545,de/F1103R_HRB153545,currently registered,de,"Oudenarder Straße 16/Gebäude A, 3.OG, 13347 Berlin Gegenstand: Die Gründung, Erwerb, Förderung von - sowie Beteiligung an - Unternehmen im In- und Ausland.",Oudenarder Straße 16/Gebäude A,"3.OG,",5,"13347 Berlin Gegenstand: Die Gründung, Erwerb, Förderung von - sowie Beteiligung an - Unternehmen im In- und Ausland.",Jan Patrick Schulz,person,Geschäftsführer,2013-10-22,,Schulz,Jan Patrick,Wiesbaden Rechtsform: Gesellschaft mit beschränkter Haftung,,,2,,,Berlin (Charlottenburg),HRB,Berlin,153545,Berlin (Charlottenburg) HRB 153545,Berlin,,,true,true,true,false,true,true,true,,,,,,,,,,,,,,,,,,,,,,,,,,,,
,,,,,,,,,,0,,Jan Patrick Schulz,person,Geschäftsführer,2014-05-06,,Schulz,Jan Patrick,,,,,,,,,,,,,,,,,,,,,,,,,,,,,,,,,,,,,,,,,,,,,,,,,
,,,,,,,,,,0,,Udo Knopf,person,Geschäftsführer,2013-10-22,,Knopf,Udo,Idstein-Walsdorf,,,1,,,,,,,,,,,,,,,,,,,,,,,,,,,,,,,,,,,,,,,,,,,,,
,,,,,,,,,,0,,Udo Knopf,person,Geschäftsführer,2014-05-06,,Knopf,Udo,,,,,,,,,,,,,,,,,,,,,,,,,,,,,,,,,,,,,,,,,,,,,,,,,
SOZIALSTATION AKTIV FÜR SIE Gesellschaft mit beschränkter Haftung,60269,2017-06-14T16:49:14Z,F1103R_HRB153592,de/F1103R_HRB153592,currently registered,de,"c/o Christian Szlapka, Orber Straße 20, 14193 Berlin",c/o Christian Szlapka,Orber,5,"Straße 20, 14193 Berlin",Marlies Jahn,person,Geschäftsführer,2013-10-23,2015-01-23,Jahn,Marlies,Berlin,,true,1,,,Berlin (Charlottenburg),HRB,Berlin,153592,Berlin (Charlottenburg) HRB 153592,Berlin,,,true,true,true,false,true,true,true,,,,,,,,,,,,,,,,,,,,,,,,,,,,
,,,,,,,,,,0,,Christian Szlapka,person,Geschäftsführer,2015-01-23,,Szlapka,Christian,Berlin,,,2,,,,,,,,,,,,,,,,,,,,,,,,,,,,,,,,,,,,,,,,,,,,,
Losmann GmbH,60756,2018-11-01T22:04:55Z,F1103R_HRB153903,de/F1103R_HRB153903,currently registered,de,"Herzbergstraße 128-139, Halle 6-601, 10365 Berlin",Herzbergstraße 128-139,Halle,5,"6-601, 10365 Berlin",David Eisel-Eiselsberg,person,Geschäftsführer,2013-11-07,2014-10-08,Eisel-Eiselsberg,David,Berlin,,true,1,,,Berlin (Charlottenburg),HRB,Berlin,153903,Berlin (Charlottenburg) HRB 153903,Berlin,,,true,true,true,false,true,true,true,,,,,,,,,,,,,,,,,,,,,,,,,,,,
,,,,,,,,,,0,,Bing Scheffel,person,Prokurist,2015-03-30,2018-07-16,Scheffel,Bing,Berlin,,true,1,,,,,,,,,,,,,,,,,,,,,,,,,,,,,,,,,,,,,,,,,,,,,
,,,,,,,,,,0,,Xunzhe Zhang,person,Geschäftsführer,2018-07-16,,Zhang,Xunzhe,Berlin,,,,,,,,,,,,,,,,,,,,,,,,,,,,,,,,,,,,,,,,,,,,,,,,
,,,,,,,,,,0,,Xunzhe Zhang,person,Geschäftsführer,2014-10-08,,Zhang,Xunzhe,Jiangxi/VR China,,,2,,,,,,,,,,,,,,,,,,,,,,,,,,,,,,,,,,,,,,,,,,,,,
Karimi Universalbau GmbH,61849,2017-06-15T09:01:30Z,F1103R_HRB154576,de/F1103R_HRB154576,currently registered,de,"Siegfriedstraße 60, Halle 3, 10365 Berlin",Siegfriedstraße 60,Halle,5,"3, 10365 Berlin",Bilal Karimi,person,Geschäftsführer,2013-12-04,2014-06-26,Karimi,Bilal,Schönefeld,,true,1,,,Berlin (Charlottenburg),HRB,Berlin,154576,Berlin (Charlottenburg) HRB 154576,Berlin,,,true,true,true,false,true,true,true,,,,,,,,,,,,,,,,,,,,,,,,,,,,
,,,,,,,,,,0,,Zbigniew Dolski,person,Geschäftsführer,2014-06-26,2015-10-27,Dolski,Zbigniew,Poznan,Polen,true,2,,,,,,,,,,,,,,,,,,,,,,,,,,,,,,,,,,,,,,,,,,,,,
,,,,,,,,,,0,,Robert Eugeniusz Balcerek,person,Geschäftsführer,2015-10-27,,Balcerek,Robert Eugeniusz,Poznan/Polen,,,3,,,,,,,,,,,,,,,,,,,,,,,,,,,,,,,,,,,,,,,,,,,,,
Bilal Trading UG (haftungsbeschränkt),62957,2017-06-15T21:19:49Z,F1103R_HRB154987,de/F1103R_HRB154987,currently registered,de,"Herzbergstraße 128, Halle 6, Room 635, 10365 Berlin",Herzbergstraße 128,Halle,5,"6, Room 635, 10365 Berlin",Bilal Afzal,person,Geschäftsführer,2013-12-19,,Afzal,Bilal,Galliate/Italien,,,1,,,Berlin (Charlottenburg),HRB,Berlin,154987,Berlin (Charlottenburg) HRB 154987,Berlin,,,true,true,true,false,true,true,true,,,,,,,,,,,,,,,,,,,,,,,,,,,,
Schorr Immobilien Verwaltungsgesellschaft mbH,63178,2017-06-15T23:39:39Z,F1103R_HRB104911,de/F1103R_HRB104911,currently registered,de,"Europa-Center, 19.OG Süd",Europa-Center,19.OG,5,Süd,Thomas Stephan,person,Geschäftsführer,,2007-06-25,Stephan,Thomas,,,true,1,,,Berlin (Charlottenburg),HRB,Berlin,104911,Berlin (Charlottenburg) HRB 104911,Berlin,,,true,true,true,false,true,true,true,,,,Aragon 32. VV GmbH,,,,,,,,,,,,,,,,,,,,,,,,
,,,,,,,,,,0,,Rainer Schorr,person,Geschäftsführer,2007-06-25,,Schorr,Rainer,Berlin,,,2,,,,,,,,,,,,,,,,,,,,,,,,,,,,,,,,,,,,,,,,,,,,,
amüsierkombinat gmbh,63645,2017-06-16T04:51:09Z,F1103R_HRB105268,de/F1103R_HRB105268,currently registered,de,"Volkmarstraße 1-7, Halle 12 a, 12099 Berlin",Volkmarstraße 1-7,Halle,5,"12 a, 12099 Berlin",Stephan Ritter,person,Geschäftsführer,2006-12-14,,Ritter,Stephan,Berlin,,,,,,Berlin (Charlottenburg),HRB,Berlin,105268,Berlin (Charlottenburg) HRB 105268,Berlin,,,true,true,true,false,true,true,true,,,,,,,,,,,,,,,,,,,,,,,,,,,,
Howoll Bürovermietung GmbH,64076,2017-06-16T16:06:50Z,F1103R_HRB155558,de/F1103R_HRB155558,currently registered,de,"c/o Steuerberater Andreas Hagist, Emser Straße 9, 10719 Berlin",c/o Steuerberater Andreas Hagist,Emser,5,"Straße 9, 10719 Berlin",Charlie Hagist,person,Geschäftsführer,2014-01-20,,Hagist,Charlie,Dallgow-Döberitz,,,1,,,Berlin (Charlottenburg),HRB,Berlin,155558,Berlin (Charlottenburg) HRB 155558,Berlin,,,true,true,true,false,true,true,true,,,,,,,,,,,,,,,,,,,,,,,,,,,,
GME Energy Generation GmbH,64281,2017-06-17T01:07:00Z,F1103R_HRB155913,de/F1103R_HRB155913,currently registered,de,"Römischer Hof, Unter den Linden 10, 10117 Berlin",Römischer Hof,Unter,5,"den Linden 10, 10117 Berlin",Cornelia Wendt,person,Geschäftsführer,2014-01-30,2014-03-21,Wendt,Cornelia,Berlin,,true,1,,,Berlin (Charlottenburg),HRB,Berlin,155913,Berlin (Charlottenburg) HRB 155913,Berlin,,,true,true,false,false,true,true,true,,,,aptus 883. GmbH,,,,,,,,,,,,,,,,,,,,,,,,
,,,,,,,,,,0,,Raimund Förster,person,Geschäftsführer,2014-03-21,,Förster,Raimund,Monaco/Frankreich,,,2,,,,,,,,,,,,,,,,,,,,,,,,,,,,,,,,,,,,,,,,,,,,,
Novera Energy GP GmbH,65826,2018-07-27T12:03:01Z,F1103R_HRB96046,de/F1103R_HRB96046,removed,de,"c/o Hammonds LLP, Unter den Linden 14, 10117 Berlin Nicht mehr Geschäftsführer:3) Fitzsimmons, David Stephen",c/o Hammonds LLP,Unter,5,"den Linden 14, 10117 Berlin Nicht mehr Geschäftsführer:3) Fitzsimmons, David Stephen",David Muir Miller,person,Geschäftsführer,,2007-08-08,Miller,David Muir,,,true,2,,,Berlin (Charlottenburg),HRB,Berlin,96046,Berlin (Charlottenburg) HRB 96046,Berlin,,,false,true,true,false,false,true,true,,,,NMRE GP GmbH,,,,,,,,,,,,,,,,,,,,,,,,
,,,,,,,,,,0,,David Stephen Fitzsimmons,person,Geschäftsführer,2007-08-08,2010-03-04,Fitzsimmons,David Stephen,Kent,England,true,3,,,,,,,,,,,,,,,,,,,,,aptus 81. GmbH,,,,,,,,,,,,,,,,,,,,,,,,
,,,,,,,,,,0,,John Francis Hewson,person,Geschäftsführer,2010-03-04,2010-12-23,Hewson,John Francis,Barley/Hertfordshire / Großbritannien,,true,5,,,,,,,,,,,,,,,,,,,,,,,,,,,,,,,,,,,,,,,,,,,,,
,,,,,,,,,,0,,Richard Calvin Round,person,Geschäftsführer,2010-03-04,,Round,Richard Calvin,Leighton Buzzard / Großbritannien,,,4,,,,,,,,,,,,,,,,,,,,,,,,,,,,,,,,,,,,,,,,,,,,,
,,,,,,,,,,0,,Steven Neville Hardman,person,Geschäftsführer,2010-12-23,,Hardman,Steven Neville,Rugby OT Dunchurch,Großbritannien,,6,,,,,,,,,,,,,,,,,,,,,,,,,,,,,,,,,,,,,,,,,,,,,
,,,,,,,,,,0,,Steven Neville Hardman,person,Liquidator,2010-12-23,,Hardman,Steven Neville,Rugby OT Dunchurch,Großbritannien,,,,,,,,,,,,,,,,,,,,,,,,,,,,,,,,,,,,,,,,,,,,,,,
Novera Energy LP 1 GmbH,65830,2017-06-18T07:43:49Z,F1103R_HRB96045,de/F1103R_HRB96045,removed,de,"c/o Hammonds LLP, Unter den Linden 14, 10117 Berlin Nicht mehr Geschäftsführer:3) Fitzsimmons, David Stephen",c/o Hammonds LLP,Unter,5,"den Linden 14, 10117 Berlin Nicht mehr Geschäftsführer:3) Fitzsimmons, David Stephen",David Muir Miller,person,Geschäftsführer,,2007-08-20,Miller,David Muir,,,true,2,,,Berlin (Charlottenburg),HRB,Berlin,96045,Berlin (Charlottenburg) HRB 96045,Berlin,,,false,false,false,false,false,false,false,true,true,,NMRE LP 1 GmbH,,,,,,,,,,,,,,,,,,,,,,,,
,,,,,,,,,,0,,David Stephen Fitzsimmons,person,Geschäftsführer,2007-08-20,2010-03-03,Fitzsimmons,David Stephen,Kent/England,,true,3,,,,,,,,,,,,,,,,,,,,,aptus 80. GmbH,,,,,,,,,,,,,,,,,,,,,,,,
,,,,,,,,,,0,,John Francis Hewson,person,Geschäftsführer,2010-03-03,2010-12-23,Hewson,John Francis,Barley/Hertfordshire / Großbritannien,,true,5,,,,,,,,,,,,,,,,,,,,,,,,,,,,,,,,,,,,,,,,,,,,,
,,,,,,,,,,0,,Richard Calvin Round,person,Geschäftsführer,2010-03-03,,Round,Richard Calvin,Leighton Buzzard / Großbritannien,,,4,,,,,,,,,,,,,,,,,,,,,,,,,,,,,,,,,,,,,,,,,,,,,
,,,,,,,,,,0,,Steven Neville Hardman,person,Geschäftsführer,2010-12-23,,Hardman,Steven Neville,Rugby,OT Dunchurch Großbritannien,,6,,,,,,,,,,,,,,,,,,,,,,,,,,,,,,,,,,,,,,,,,,,,,
,,,,,,,,,,0,,Steven Neville Hardman,person,Liquidator,2010-12-23,,Hardman,Steven Neville,Rugby,OT Dunchurch Großbritannien,,,,,,,,,,,,,,,,,,,,,,,,,,,,,,,,,,,,,,,,,,,,,,,
Cab Line GmbH,66895,2017-06-19T00:14:35Z,F1103R_HRB156950,de/F1103R_HRB156950,currently registered,de,"Altonaer Straße 78, Halle Nr. 9, 13581 Berlin",Altonaer Straße 78,Halle,5,"Nr. 9, 13581 Berlin",Serap Özdemir,person,Geschäftsführer,2014-03-11,,Özdemir,Serap,Berlin,,,1,,,Berlin (Charlottenburg),HRB,Berlin,156950,Berlin (Charlottenburg) HRB 156950,Berlin,,,false,false,false,false,false,false,false,true,true,,,,,,,,,,,,,,,,,,,,,,,,,,
Lehmann und Thomas Immobilien GmbH,68199,2018-11-07T07:40:19Z,F1103R_HRB59341,de/F1103R_HRB59341,currently registered,de,"c/o Philipp Noffke, Unter den Linden 21, 10117 Berlin Geschäftsführer:4) Noffke, Philipp, *20.05.1975, Berlin",c/o Philipp Noffke,Unter,5,"den Linden 21, 10117 Berlin Geschäftsführer:4) Noffke, Philipp, *20.05.1975, Berlin",Philipp Noffke,person,Geschäftsführer,,2011-03-18,Noffke,Philipp,,,true,1,,,Berlin (Charlottenburg),HRB,Berlin,59341,Berlin (Charlottenburg) HRB 59341,Berlin,,,true,true,true,true,true,true,false,,,,,,,,,,,,,,,,,,,,,,,,,,,,
,,,,,,,,,,0,,Philipp Noffke,person,Geschäftsführer,2012-07-17,2018-10-29,Noffke,Philipp,Berlin,,true,4,,,,,,,,,,,,,,,,,,,,,,,,,,,,,,,,,,,,,,,,,,,,,
,,,,,,,,,,0,,Reinhold Schröder,person,Geschäftsführer,2011-03-18,,Schröder,Reinhold,Berlin,,,3,,,,,,,,,,,,,,,,,,,,,,,,,,,,,,,,,,,,,,,,,,,,,
hpc-ingenieure UG (haftungsbeschränkt),68248,2017-06-20T00:00:35Z,F1103R_HRB157535,de/F1103R_HRB157535,currently registered,de,"Sachsendamm 93, Ambeg Höfe, Aufgang A 1.",Sachsendamm 93,Ambeg,5,"Höfe, Aufgang A 1.",Dieter Haubensak,person,Geschäftsführer,2014-04-02,,Haubensak,Dieter,Berlin,,,2,,,Berlin (Charlottenburg),HRB,Berlin,157535,Berlin (Charlottenburg) HRB 157535,Berlin,,,true,true,false,false,true,true,true,,,,,,,,,,,,,,,,,,,,,,,,,,,,
,,,,,,,,,,0,,Dirk Haubensak,person,Geschäftsführer,2014-04-02,,Haubensak,Dirk,Berlin,,,1,,,,,,,,,,,,,,,,,,,,,,,,,,,,,,,,,,,,,,,,,,,,,
